id,Nazwa produktu,wartosc energetyczna kcal,woda g,bialko ogolem g,bialko zwierzece g,bialko roslinne g,tluszcz g,weglowodany g ,sod mg,potas mg,wapn mg,fosfor mg,magnez mg,zelazo mg,cynk mg,miedz mg,mangan mg
1,"Mleko spozywcze 3,5 % tluszczu",64,87.7,3.3,3.3,0,3.5,4.8,44,138,118,85,12,0.1,0.32,0.02,0.02
2,"Mleko spozywcze 3,2% tluszczu",61,88,3.3,3.3,0,3.2,4.8,44,139,118,85,12,0.1,0.32,0.02,0.02
3,Mleko spozywcze 2% tluszczu,51,89,3.4,3.4,0,2,4.9,45,141,120,86,12,0.1,0.32,0.02,0.02
4,"Mleko spozywcze 1,5 % tluszczu",47,89.4,3.4,3.4,0,1.5,5,45,141,120,97,12,0.1,0.37,0.01,0.02
5,"Mleko spozywcze 0,5 % tluszczu",39,90.3,3.5,3.5,0,0.5,5.1,45,141,121,97,12,0.1,0.4,0.01,0.01
6,Mleko kobiece,72,87.2,1.3,1.3,0,4.3,7,20,52,20,13,4,0.1,0.11,0.03,0.01
7,Mleko kozie,68,87.3,3.2,3.2,0,4.1,4.5,40,161,130,127,14,0.1,0.58,0.04,0.02
8,Mleko owcze,107,80.9,6,6,0,7,5.1,44,136,193,158,18,0.1,0.2,0.1,0.02
9,Mleko w proszku odtluszczone,360,4,35.7,35.7,0,0.8,51.2,480,1874,1404,1012,143,1.2,4.15,0.24,0.2
10,Mleko w proszku pelne,479,4,27,27,0,24,38.7,357,1393,1062,765,108,0.9,3.09,0.18,0.2
11,Mleko zageszczone nieslodzone,131,75,6.6,6.6,0,7.5,9.4,120,304,258,202,26,0.2,0.7,0.04,0.02
12,Mleko zageszczone slodzone,326,27.5,7.5,7.5,0,8,55.3,110,348,295,212,30,0.2,0.8,0.05,0.02
13,"Mleko UHT 3,2% tluszczu",61,88,3.3,3.3,0,3.2,4.8,41,139,113,81,12,0.1,0.32,0.02,0.02
14,"Mleko UHT 1,5% tluszczu",47,89.4,3.4,3.4,0,1.5,5,42,141,110,92,12,0.1,0.37,0.01,0.02
15,"Mleko UHT 0,5% tluszczu",39,90.3,3.5,3.5,0,0.5,5.1,42,141,111,91,12,0.1,0.4,0.01,0.01
16,smietanka kremowa 30% tluszczu,287,64.2,2.2,2.2,0,30,3.1,32,101,86,62,9,0.1,0.23,0.01,0
17,smietana 18% tluszczu,184,75.3,2.5,2.5,0,18,3.6,37,116,99,71,10,0.1,0.27,0.02,0
18,smietana 12% tluszczu,133,80.8,2.7,2.7,0,12,3.9,40,125,106,76,11,0.1,0.29,0.02,0
19,smietanka do kawy 9% tluszczu,107,83.6,2.8,2.8,0,9,4,41,128,109,79,11,0.1,0.3,0.02,0
20,Jogurt naturalny 2% tluszczu,60,86.5,4.3,4.3,0,2,6.2,63,200,170,122,17,0.1,0.46,0.03,0
21,"Jogurt bananowy 1,5% tluszczu",70,83.5,3.7,3.6,0.1,1.5,10.4,48,215,132,97,18,0.2,0.39,0.04,0.08
22,"Jogurt jagodowy 1,5% tluszczu",62,85.2,3.7,3.6,0.1,1.5,8.8,48,170,134,96,14,0.2,0.42,0.04,0.13
23,"Jogurt morelowy 1,5% tluszczu",63,85,3.7,3.6,0.1,1.5,8.9,47,200,133,96,14,0.2,0.38,0.04,0.05
24,"Jogurt truskawkowy 1,5% tluszczu",60,85.7,3.7,3.6,0.1,1.5,8.2,47,179,134,97,15,0.2,0.37,0.04,0.05
25,"Jogurt wisniowy 1,5% tluszczu",61,85.8,3.7,3.6,0.1,1.5,8.2,49,182,134,98,15,0.2,0.38,0.04,0.03
26,Kefir 2% tluszczu,51,89.3,3.4,3.4,0,2,4.7,38,122,103,74,10,0.1,0.28,0.02,0
27,"Maslanka spozywcza 0,5 % tluszczu",37,90.7,3.4,3.4,0,0.5,4.7,60,150,110,80,13,0.1,0.5,0.01,0
28,Napoj mleczny jogurtowy,82,81.1,4,4,0,1.9,12.1,59,186,158,113,16,0.1,0.43,0.03,0
29,Napoj mleczny kakaowy,81,81.8,3.3,3.1,0.2,2.1,12.1,41,153,111,87,16,0.2,0.38,0.07,0.05
30,Napoj mleczny serwatkowo-smietankowy,74,84,0.9,0.9,0,2.2,12.4,40,116,66,40,2,0.1,0.07,0,0.01
31,Napoj mleczny smietankowy,63,84.4,3.5,3.5,0,0.5,10.9,61,158,116,84,14,0.1,0.51,0.01,0
32,Serwatka plynna,25,93.4,0.8,0.8,0,0.1,5.1,45,129,68,40,1,0.1,0.05,0,0.01
33,"Ser, Brie pelnotlusty",329,49.3,19.8,19.8,0,28,0.2,880,100,600,380,20,0.2,2.28,0.04,0.04
34,"Ser, Camembert pelnotlusty",291,52.1,21.4,21.4,0,23,0.2,966,101,386,310,22,0.5,2.84,0.07,0.04
35,"Ser, Cheddar pelnotlusty",391,37.7,27.1,27.1,0,31.7,0.1,598,81,703,487,54,0.5,4.05,0.04,0.02
36,"Ser, Edamski tlusty",313,46,26.1,26.1,0,23.4,0.1,618,81,867,523,27,0.6,2.2,0.03,0.02
37,"Ser, Ementaler pelnotlusty",380,36.9,28.8,28.8,0,29.7,0.1,909,119,835,416,39,0.5,4.4,0.04,0.02
38,"Ser, Gouda tlusty",316,44.9,27.9,27.9,0,22.9,0.1,898,83,807,516,31,0.7,4.18,0.07,0.03
39,"Ser, Mysliwski pelnotlusty",346,43,25.5,25.5,0,27.4,0.1,674,82,792,494,27,0.4,3.59,0.06,0.04
40,"Ser, Mysliwski tlusty",338,41.4,29,29,0,24.9,0.1,768,93,903,563,31,0.5,3.69,0.06,0.04
41,"Ser, Parmezan",452,19.4,41.5,41.5,0,32,0.1,1860,107,1380,810,51,1,3.2,0.2,0.04
42,"Ser, Rokpol pelnotlusty",363,41.3,22.6,22.6,0,30.6,0.1,1368,109,530,322,20,0.5,2.54,0.05,0.02
43,"Ser, Salami pelnotlusty",351,43,25.2,25.2,0,28.1,0.1,585,89,817,501,27,0.4,3.59,0.06,0.04
44,"Ser, Trapistow pelnotlusty",367,41,23.5,23.5,0,30.7,0.1,722,86,943,578,33,0.5,3.46,0.03,0.05
45,"Ser, Trapistow tlusty",351,40.6,28,28,0,26.8,0.1,780,93,972,596,34,0.5,3.74,0.03,0.05
46,"Ser, Tylzycki pelnotlusty",353,41.5,26.1,26.1,0,27.9,0.1,744,84,815,510,28,0.7,3.68,0.03,0.05
47,"Ser, Tylzycki tlusty",334,42.5,27.8,27.8,0,25,0.1,861,108,583,550,28,0.7,3.91,0.03,0.03
48,Deser twarogowy termizowany kakaowy,156,68,13.9,13.7,0.2,6.2,11.2,35,108,77,175,11,0.2,0.75,0.05,0.04
49,Deser twarogowy termizowany truskawkowy,170,64.4,11,10.9,0.1,5.8,18.3,29,86,66,138,7,0.2,0.63,0.02,0.02
50,Ser twarogowy chudy,99,75.3,19.8,19.8,0,0.5,3.5,41,96,96,240,9,0.2,1.12,0.02,0.02
51,Ser twarogowy poltlusty,133,72.1,18.7,18.7,0,4.7,3.7,44,113,94,227,9,0.2,0.92,0.02,0.02
52,Ser twarogowy tlusty,175,67.9,17.7,17.7,0,10.1,3.5,40,104,88,216,9,0.2,0.95,0.03,0.02
53,Ser typu Feta,215,60.8,17,17,0,16,1,1100,62,500,360,19,0.3,2,0.08,0.04
54,Serek termizowany pieczarkowy,113,74.9,15.9,15.5,0.4,4,3.5,387,136,80,213,12,0.3,0.83,0.08,0.03
55,Serek twarogowy homogenizowany  pelnotlusty,161,72.6,12.7,12.7,0,11,3,47,117,98,140,9,0.2,0.45,0.02,0.01
56,Serek twarogowy homogenizowany truskawkowy,168,62.4,15.3,15.2,0.1,3.9,17.7,36,99,79,186,8,0.2,0.8,0.02,0.02
57,Serek twarogowy homogenizowany waniliowy,159,65,16.8,16.8,0,4.2,13.3,40,102,85,204,8,0.2,0.83,0.02,0.02
58,Serek twarogowy ziarnisty,101,79.2,12.3,12.3,0,4.3,3.3,380,80,80,140,8,0.1,0.5,0.02,0.01
59,Serek typu Fromage naturalny,379,48.8,10.2,10.2,0,37.1,2.4,396,66,55,123,8,0.2,0.51,0.02,0.01
60,Serek typu Fromage z czosnkiem,367,49.3,10,9.7,0.3,35.2,4,379,83,54,125,9,0.2,0.54,0.03,0.04
61,Deser ryzowy jablkowy,134,69.7,2.8,2.3,0.5,3,23.9,54,124,86,83,8,0.1,0.47,0.02,0.05
62,Deser ryzowy waniliowy,133,69.8,3,2.5,0.5,2.9,23.5,52,120,84,79,7,0.1,0.43,0.02,0.05
63,"Ser topiony, edamski",298,55,13.5,13.5,0,27,1.2,841,41,367,578,16,0.6,2.01,0.02,0.05
64,Lody mleczno-owocowe,116,73.2,3.9,3.8,0.1,2.5,19.4,57,192,155,113,17,0.2,0.42,0.04,0.01
65,Lody smietankowe,160,70,3.2,3.2,0,8.5,17.6,47,148,125,90,13,0.1,0.34,0.02,0
66,Jaja kurze cale,139,76.2,12.5,12.5,0,9.7,0.6,141,133,47,204,12,2.2,1.76,0.06,0.03
67,Bialko jaja kurzego,49,87.4,10.9,10.9,0,0.2,0.7,200,154,6,17,11,0.2,0.3,0.03,0.01
68,zoltko jaja kurzego,314,54.5,15.5,15.5,0,28.2,0.3,52,127,147,587,15,7.2,3.55,0.14,0.05
69,Proszek jajeczny,576,3.5,48.4,48.4,0,41.7,2.7,481,527,185,790,45,8.3,6.86,0.21,0.1
70,"Baranina, lopatka",284,58.6,15.6,15.6,0,25,0,66,249,9,155,23,2.3,2.97,0.1,0.02
71,"Baranina, udziec",232,63.1,18,18,0,18,0,78,380,10,213,23,2.7,3.2,0.06,0.04
72,"Cielecina, lopatka",106,76.2,19.9,19.9,0,2.8,0,87,395,11,199,15,2.9,2.06,0.25,0.03
73,"Cielecina, sznyclowka",105,75.9,20.5,20.5,0,2.4,0,68,320,12,198,20,1.7,3.2,0.25,0.03
74,"Cielecina, udziec",108,75.9,19.9,19.9,0,3.1,0,128,246,10,160,16,2.4,2.05,0.2,0.03
75,"Konina, mieso bez kosci",109,74.9,21.5,21.5,0,2.5,0,46,345,15,200,24,3.5,2.7,0.14,0.01
76,"Konina, mieso z koscia",109,74.9,21.5,21.5,0,2.5,0,46,345,15,200,24,3.5,2.7,0.14,0.01
77,Wieprzowina klasa I,133,73.7,18.9,18.9,0,6.3,0,57,323,5,216,26,1.4,2.41,0.08,0.03
78,Wieprzowina klasa II,248,61.6,17.5,17.5,0,20,0,74,297,8,172,21,1.5,2.35,0.09,0.03
79,Wieprzowina klasa III,196,67.3,18.3,18.3,0,13.7,0,72,347,8,182,21,1.8,2.93,0.09,0.03
80,Wieprzowina klasa IV,341,53.1,13.7,13.7,0,32.3,0,78,260,36,156,16,3,2.48,0.07,0.03
81,"Wieprzowina, boczek bez kosci",510,36.5,10.1,10.1,0,53,0,78,163,4,95,10,0.7,1.45,0.05,0.01
82,"Wieprzowina, golonka ze skora",294,55.9,18.6,18.6,0,24.7,0,73,213,19,145,17,1.1,2.31,0.05,0.01
83,"Wieprzowina, karkowka",267,60.3,16.1,16.1,0,22.8,0,63,283,18,166,17,1.3,3.11,0.08,0.05
84,"Wieprzowina, lopatka",257,61.4,16,16,0,21.7,0,52,275,5,159,19,1.1,3.14,0.04,0.02
85,"Wieprzowina, podgardle",630,24.5,7.4,7.4,0,67.8,0,38,87,7,49,5,0.7,0.4,0.1,0.02
86,"Wieprzowina, schab surowy z koscia",174,68,21,21,0,10,0,42,343,15,208,24,1,1.93,0.06,0.04
87,"Wieprzowina, szynka surowa",261,59.8,18,18,0,21.3,0,62,289,5,179,21,0.9,1.88,0.02,0.01
88,"Wieprzowina, zeberka",321,54.7,15.2,15.2,0,29.3,0,63,252,28,157,17,1.3,2.86,0.06,0.05
89,Wolowina klasa I niesciegnista,107,75.1,21.7,21.7,0,2.1,0,57,354,4,214,27,2.2,2.45,0.08,0.03
90,Wolowina klasa I sciegnista,154,70.3,20.8,20.8,0,7.9,0,70,337,6,176,22,2.2,2.93,0.06,0.03
91,Wolowina klasa II,147,71.2,20.6,20.6,0,7.2,0,78,316,6,167,22,2.2,3.5,0.08,0.04
92,Wolowina klasa III,223,62.5,20.9,20.9,0,15.6,0,81,209,8,175,21,2.3,1.83,0.05,0.01
93,Wolowina klasa IV,405,45.9,14.1,14.1,0,39.3,0,127,120,15,113,13,2.7,1.03,0.07,0.01
94,Wolowina klasa V,365,47.3,20.1,20.1,0,32,0,124,117,16,67,6,1.5,1,0.07,0.01
95,"Wolowina, pieczen",117,74.5,20.9,20.9,0,3.6,0,78,375,3,204,25,2.3,3.76,0.08,0.04
96,"Wolowina, poledwica",113,75.4,20.1,20.1,0,3.5,0,52,382,4,212,26,3.1,2.93,0.1,0.04
97,"Wolowina, rostbef",152,70.2,21.5,21.5,0,7.3,0,64,350,9,191,23,2.4,2.78,0.06,0.01
98,"Wolowina, rozbratel",157,72.3,16.7,16.7,0,10.1,0,34,313,14,180,21,2.8,2.78,0.08,0.02
99,"Wolowina, szponder",217,64,19.3,19.3,0,15.7,0,63,266,27,169,19,2.1,3.97,0.03,0.01
100,Flaki,84,81.5,16,16,0,2.2,0,64,137,71,61,11,0.6,2.75,0.08,0.02
101,"Kosci, wywar",5,98.1,1.2,1.2,0,0,0,28,15,2,4,1,0.1,0.04,0,0.01
102,Krew wieprzowa,73,81,16.6,16.6,0,0.4,0.4,205,205,7,61,5,39.5,0.33,0.14,0.01
103,Mozg wieprzowy,139,76.9,11.1,11.1,0,10.6,0,160,326,10,340,20,3.8,1.04,0.3,0.03
104,Nerki wieprzowe,102,78.1,16.8,16.8,0,3.8,0,205,313,11,246,18,8,3,0.89,0.06
105,Nogi wieprzowe,274,55.8,23,23,0,20.4,0,157,127,24,106,12,2.1,2.66,0.35,0.05
106,Ozor wieprzowy,165,71.4,16.5,16.5,0,11.1,0,108,255,11,188,18,4.5,2.6,0.23,0.03
107,Serca wieprzowe,111,77.2,16.9,16.9,0,4.8,0,89,335,35,132,22,2.7,2.2,0.37,0.02
108,Watroba wieprzowa,130,70.6,22,22,0,3.4,2.6,83,311,10,362,23,18.7,4.51,0.63,0.23
109,Watroba wolowa,125,71.5,20,20,0,3.1,4,117,294,7,358,21,9.4,4.11,0.62,0.25
110,Watroba cieleca,125,71.2,19.2,19.2,0,3.3,4.1,87,316,19,306,20,7.9,8.4,5.5,0.28
111,"Ges, tuszka",339,53.3,14.1,14.1,0,31.8,0,48,243,5,152,18,2.4,1.66,0.17,0.02
112,"Indyk, tuszka",129,75.3,17,17,0,6.8,0,63,300,6,226,27,0.6,2,0.04,0.04
113,Mieso z piersi indyka bez skory,84,78.7,19.2,19.2,0,0.7,0,47,460,2,238,35,0.5,0.83,0.04,0.01
114,Mieso z piersi indyka ze skora,100,77.3,18.7,18.7,0,2.7,0,48,441,2,229,33,0.5,0.82,0.04,0.01
115,Mieso z podudzia indyka bez skory,100,78.6,16.6,16.6,0,3.7,0,96,364,8,214,27,1.2,2.83,0.08,0.02
116,Mieso z podudzia indyka ze skora,142,74.4,15.7,15.7,0,8.9,0,92,324,8,194,24,1.1,2.53,0.08,0.02
117,Mieso ze skrzydel indyka bez skory,115,76.3,18,18,0,4.7,0,62,359,5,207,27,1.2,2.27,0.04,0.01
118,Mieso ze skrzydel indyka ze skora,168,71.2,16.5,16.5,0,11.4,0,63,308,6,182,23,1.1,1.98,0.04,0.01
119,Mieso z udzca indyka bez skory,104,76.7,19.4,19.4,0,2.8,0,77,414,4,227,28,0.8,2.64,0.08,0.01
120,Mieso z udzca indyka ze skora,131,74.2,18.4,18.4,0,6.4,0,76,384,5,213,26,0.8,2.46,0.07,0.01
121,Skora z indyka,413,47.9,9.4,9.4,0,42.4,0,64,80,9,65,6,0.8,0.65,0.03,0.01
122,Skrzydlo indyka,168,71.2,16.5,16.5,0,11.4,0,63,308,6,182,23,1.1,1.98,0.04,0.01
123,"Kaczka, tuszka",308,57.2,13.5,13.5,0,28.6,0,66,242,8,149,14,2.1,1.42,0.14,0.03
124,"Kura, tuszka",202,66.4,18.5,18.5,0,14.3,0,66,307,11,162,19,1.6,1.39,0.06,0.03
125,"Kurczak, tuszka",158,71.2,18.6,18.6,0,9.3,0,61,305,10,187,20,1.2,1.35,0.05,0.04
126,Mieso z piersi kurczaka bez skory,99,76.3,21.5,21.5,0,1.3,0,55,385,5,240,33,0.4,0.49,0.01,0.01
127,Mieso z ud kurczaka bez skory,125,75.2,17.8,17.8,0,6,0,91,334,8,215,26,0.7,1.4,0.08,0.01
128,Mieso z ud kurczaka ze skora,158,72,16.8,16.8,0,10.2,0,85,300,9,196,23,0.7,1.28,0.08,0.01
129,Noga (udo) kurczaka,158,72,16.8,16.8,0,10.2,0,85,300,9,196,23,0.7,1.28,0.08,0.01
130,Skorki kurze,379,51.1,10.7,10.7,0,37.9,0,46,76,17,78,7,1,0.52,0.04,0.03
131,Skrzydlo kurczaka,186,67.1,19.2,19.2,0,12.2,0,73,156,14,139,18,1.4,1.3,0.04,0.01
132,Watrobka  kurczaka,136,72.8,19.1,19.1,0,6.3,0.6,85,300,8,320,21,9.5,3.63,0.3,0.26
133,zoladek kurczaka,114,76.2,18.2,18.2,0,4.2,0.6,69,188,8,135,13,3.5,3,0.1,0.07
134,"Krolik, tuszka",156,69.8,21,21,0,8,0,43,385,19,183,26,2.6,2.19,0.15,0.04
135,Baleron gotowany,244,63.1,15.1,14.3,0.8,20.2,0.9,749,312,17,176,16,1.3,2.77,0.09,0.06
136,Kabanosy,326,46.8,27.4,27.4,0,24.3,0,1327,467,11,284,34,2.3,3.63,0.13,0.05
137,Kielbasa domowa,320,54.8,14.7,14.6,0.1,29.2,0.5,826,243,7,139,17,1.4,2.09,0.07,0.04
138,Kielbasa krakowska sucha,323,48.2,25.6,25.6,0,24.8,0,1273,429,8,275,33,2.1,3.38,0.11,0.04
139,Kielbasa lubuska,249,58.8,17.5,15.6,1.9,18,4.8,1465,401,13,217,22,1.7,2.16,0.13,0.08
140,Kielbasa mortadela,205,69.6,12,12,0,17.7,0,698,169,13,105,12,1.2,1.74,0.05,0.02
141,Kielbasa mysliwska sucha,291,50.7,27.8,27.8,0,20.1,0,1291,463,10,269,33,2.5,3.85,0.12,0.05
142,Kielbasa parowkowa,323,56.7,11,11,0,31.5,0,839,134,15,90,9,1.2,1.4,0.05,0.02
143,Kielbasa podwawelska,247,61.3,17.3,17.1,0.2,19.6,0.9,1017,303,10,172,22,1.5,2.32,0.1,0.06
144,Kielbasa rzeszowska,203,64.6,20.9,20.9,0,13.4,0,976,356,7,217,26,1.8,2.87,0.1,0.04
145,Kielbasa slaska,210,65.4,18.4,18.4,0,15.3,0,885,323,7,189,23,1.6,2.56,0.09,0.03
146,Kielbasa torunska,263,57.9,20.9,20.9,0,20.1,0,1007,347,9,197,24,1.9,2.98,0.1,0.04
147,Kielbasa zwyczajna,209,65.9,17.6,17.6,0,15.6,0,848,258,13,161,19,1.6,2.47,0.08,0.03
148,Kielbasa zywiecka,315,52.4,20.3,20.3,0,26.3,0,1031,328,7,189,23,1.9,2.9,0.08,0.03
149,Kielbaski bawarskie,308,55.9,15.5,15.4,0.1,27.7,0.1,853,264,12,150,20,1.6,2.16,0.08,0.08
150,Mielonka (Luncheon meat),171,71.2,12.8,11.5,1.3,11.7,3.7,1065,296,9,158,15,1.3,1.68,0.09,0.05
151,Paroweczki sniadaniowe             (z olejem),234,66.6,11.9,10.5,1.4,20.9,0.1,650,193,8,102,13,1.3,1.64,0.09,0.06
152,Parowki popularne,342,55.4,9.5,9.5,0,34.3,0,889,120,5,67,8,1.1,1.11,0.05,0.03
153,Poledwica luksusowa,177,67.2,19.5,19.4,0.1,10,2.4,1555,325,14,195,23,1.1,1.97,0.06,0.04
154,Poledwica sopocka,165,69.2,19.9,19,0.9,9.1,0.9,748,374,15,218,23,1.1,1.77,0.07,0.05
155,Salami luksusowe,540,25.5,21.9,21.8,0.1,50.6,0.9,1304,349,9,197,26,2.2,3.31,0.1,0.07
156,Salami mini,548,24.7,21.7,21.6,0.1,51.6,0.9,1304,347,9,197,25,2.2,3.22,0.1,0.07
157,Salami popularne,568,22.2,21.6,21.5,0.1,53.7,1.4,1307,348,10,192,25,2.2,3.22,0.1,0.07
158,Szynka kanapkowa,102,79.2,14.2,12.9,1.3,4.4,1.4,1112,317,6,193,19,1.2,1.68,0.09,0.04
159,Szynka wiejska,253,60.8,17.1,17.1,0,20.3,0.9,1026,366,5,195,20,0.9,1.79,0.02,0.01
160,Szynka wieprzowa gotowana,233,63.5,16.4,15.4,1,18.3,1,857,319,6,187,19,1,1.63,0.04,0.02
161,Szynka wolowa gotowana,107,74.9,20.9,19.9,1,2,1.1,914,401,5,232,26,2.2,2.27,0.1,0.04
162,Szynkowka wieprzowa,191,69.6,13.6,12.3,1.3,14.7,1.4,1115,294,6,168,16,0.9,1.32,0.04,0.03
163,Szynkowka wolowa,85,80.1,16.2,14.9,1.3,1.5,1.4,1112,338,5,191,20,1.7,1.71,0.09,0.04
164,Wedzonka wolowa gotowana,102,77.7,17.8,17.8,0,3.1,0.5,992,382,5,189,24,2.8,2.6,0.09,0.05
165,Kiszka kaszana jeczmienna,194,63.4,8.5,7.3,1.2,12.6,13,772,144,13,80,18,7.4,0.78,0.09,0.14
166,Kiszka krwista,404,38.4,14.2,13.2,1,35,9.2,1062,92,23,95,9,16.9,1.32,0.14,0.09
167,Kiszka pasztetowa,384,44.7,12.5,12.1,0.4,35.7,4.3,788,144,18,166,7,6,1.56,0.2,0.11
168,Ozory w galarecie,141,72.5,16.7,15.9,0.8,7.6,1.7,899,232,12,157,16,3.6,1.81,0.18,0.05
169,Pasztet pieczony,391,35,17,14.7,2.3,31.2,13.5,817,373,49,212,33,5,2.39,0.26,0.32
170,Pieczen zulawska,170,70.9,13.8,12.4,1.4,11.7,2.6,773,228,9,119,16,1.5,1.91,0.08,0.07
171,Poledwica w galarecie,101,78.4,14.5,13.7,0.8,4.4,1.4,625,216,10,123,15,0.6,0.89,0.09,0.04
172,Salceson czarny,336,53,12.6,12.1,0.5,32,0.5,803,139,18,82,7,7.5,0.91,0.11,0.05
173,Salceson wloski,318,53.2,14.6,14.6,0,29.3,0,815,143,40,60,8,2.2,1.39,0.06,0.05
174,Watrobianka,231,67.1,10.7,8.6,2.1,20.9,0.7,794,160,27,136,15,5.7,1.64,0.19,0.13
175,Baton szynkowy z indyka,143,72.6,14.9,14.9,0,9.3,0.1,826,304,8,204,30,0.9,1.67,0.06,0.02
176,Kielbasa mazurska z indyka,129,75.2,14.8,14.8,0,7.7,0.1,603,295,5,171,26,1,1.86,0.04,0.01
177,Kielbasa mortadela z indyka,209,67.6,11,10.9,0.1,18.5,0.1,772,192,17,173,23,1.2,1.65,0.06,0.04
178,Kielbasa szynkowa z indyka,88,77.3,17.2,17.1,0.1,2,0.2,900,392,6,211,35,0.7,1.7,0.06,0.04
179,Poledwica z indyka,105,76.6,15.8,15.8,0,4.6,0.1,763,362,3,190,33,0.5,0.82,0.04,0.01
180,Szynka z indyka,84,78.7,17.1,17.1,0,1.6,0.1,612,387,3,206,32,0.6,1.54,0.06,0.01
181,Baton z kurczaka,144,72,16.7,15.2,1.5,8.6,0.1,753,283,43,194,29,1.1,0.76,0.07,0.04
182,Kabanosy z kurczaka,247,56.6,22.8,21.7,1.1,17.4,0.1,885,415,13,259,39,1,1.35,0.12,0.05
183,Kaszanka z kurczaka,204,59.1,9.8,7.3,2.5,11.7,16.4,892,190,23,127,45,6.6,1.09,0.17,0.37
184,Kielbasa delikatesowa z kurczaka,109,74.3,19.6,17.9,1.7,3.3,0.1,779,359,10,222,34,0.7,0.91,0.08,0.04
185,Kielbasa jalowcowa z kurczaka,236,60.6,19,18,1,17.9,0.1,630,342,40,231,32,1.2,1.29,0.1,0.05
186,Kielbasa kanapkowa z kurczaka,179,69.3,11.8,11.4,0.4,13.5,3,720,154,72,133,18,1.6,1.16,0.06,0.04
187,Kielbasa podlaska z kurczaka,232,60.3,20.7,19.6,1.1,16.7,0.1,520,373,35,248,32,1.3,1.6,0.13,0.04
188,Kielbasa podsuszana z kurczaka,163,66.4,21.7,21.7,0,8.4,0,1039,375,39,256,38,1.2,1.42,0.08,0.02
189,Kielbasa szynkowa z kurczaka,110,76.3,16.2,14.7,1.5,5,0,725,302,10,191,28,0.8,1.2,0.1,0.04
190,Kurczak faszerowany (pieczony),200,60.9,20.5,20.1,0.4,11.9,2.8,1208,343,15,214,33,1.4,1.44,0.08,0.07
191,Parowki z kurczaka,259,60.8,10.8,10.5,0.3,22.4,4.2,548,141,45,114,16,1.1,0.68,0.06,0.03
192,Pasta kanapkowa z kurczaka,156,73,10.4,10.4,0,11.3,3.5,461,185,85,146,19,1.1,0.74,0.04,0.02
193,Pasztet z kurczaka pieczony,214,61.6,14.4,12,2.4,14.3,7.5,574,225,94,206,23,3.3,1.61,0.15,0.15
194,Pasztet podlaski z kurczaka,228,66.7,6.7,5.2,1.5,21.1,3.6,610,108,42,91,13,1.5,0.75,0.08,0.08
195,Pieczen z kurczaka z pieczarkami,180,64.2,13.8,11.3,2.5,10.2,9.1,883,251,15,164,27,0.9,0.8,0.11,0.14
196,Pieczen z kurczaka z serem zoltym,205,60.1,16,13.7,2.3,12.1,8.8,960,233,83,194,29,0.9,1.12,0.09,0.13
197,Poledwica z piersi kurczaka,93,75.9,20.4,19.6,0.8,1.2,0,705,366,7,226,36,0.5,0.47,0.03,0.02
198,Szynka delikatesowa z kurczaka,124,73.4,18.2,16.6,1.6,5.6,0,797,331,11,203,30,1.1,1.6,0.11,0.05
199,Szynka z piersi kurczaka,98,74.3,21.2,20.2,1,1.2,0.2,933,380,8,234,39,0.5,0.49,0.04,0.03
200,Szynka z udzca kurczaka,117,74.8,17.2,15.6,1.6,5.3,0,769,321,11,202,30,0.8,1.27,0.11,0.04
201,Dorsz swiezy,78,80.4,17.7,17.7,0,0.7,0,72,356,9,184,25,0.4,0.5,0.05,0.02
202,"Dorsz swiezy, filety bez skory",70,81.7,16.5,16.5,0,0.3,0,89,364,7,145,29,0.6,0.46,0.06,0.01
203,Fladra swieza,83,80.4,16.5,16.5,0,1.8,0,92,332,27,200,24,0.4,0.5,0.05,0.04
204,Gladzica-plastuga swieza,86,79.7,17.1,17.1,0,1.9,0,104,311,61,198,22,0.6,0.5,0.05,0.03
205,"Halibut bialy, swiezy",98,76.7,20.1,20.1,0,1.9,0,67,446,14,202,28,0.5,0.4,0.2,0.01
206,Karp swiezy,110,76.6,18,18,0,4.2,0,30,387,10,215,12,0.7,0.9,0.1,0.05
207,losos swiezy,201,65.5,19.9,19.9,0,13.6,0,51,371,13,266,29,1,0.8,0.06,0.02
208,Makrela swieza,181,68.1,18.7,18.7,0,11.9,0,95,396,12,244,30,1,0.39,0.16,0.04
209,Mintaj swiezy,73,81.7,16.6,16.6,0,0.6,0,99,330,9,280,43,0.2,0.4,0.04,0.01
210,Morszczuk swiezy,89,79.4,17.2,17.2,0,2.2,0,100,270,41,142,23,0.5,0.3,0.03,0.02
211,Okon swiezy,82,79.5,18.4,18.4,0,0.8,0,47,330,20,220,26,0.6,0.81,0.04,0.06
212,"Pstrag strumieniowy, swiezy",97,77.5,19.2,19.2,0,2.1,0,53,348,24,190,26,0.4,0.4,0.04,0.03
213,"Pstrag teczowy, swiezy",160,70.6,18.6,18.6,0,9.6,0,52,420,18,245,25,0.4,0.48,0.05,0.02
214,Sandacz swiezy,84,78.9,19.2,19.2,0,0.7,0,57,340,49,220,29,0.8,0.57,0.04,0.05
215,Sardynka swieza,168,68.2,20.6,20.6,0,9.6,0,120,360,84,270,31,1.4,1,0.12,0.06
216,Sola swieza,83,80,17.5,17.5,0,1.4,0,100,309,29,195,49,0.8,0.4,0.02,0.01
217,Szczupak swiezy,82,79.8,18.4,18.4,0,0.8,0,63,304,20,215,27,0.6,0.66,0.06,0.04
218,sledz swiezy,161,70.9,16.3,16.3,0,10.7,0,89,239,32,219,24,0.9,1.12,0.23,0.02
219,sledz solony,217,48.8,19.8,19.8,0,15.4,0,5930,240,62,341,39,1.1,0.95,0.17,0.02
220,Tunczyk swiezy,137,70.6,23.7,23.7,0,4.6,0,43,356,10,200,33,1,0.7,0.15,0.02
221,Wegorz swiezy,278,59.6,15,15,0,24.5,0,65,217,17,223,21,0.6,1.75,0.09,0.03
222,Dorsz wedzony,94,75.4,22.1,22.1,0,0.5,0,1170,300,20,262,15,1,0.53,0.06,0.02
223,losos wedzony,162,63.1,21.5,21.5,0,8.4,0,1470,330,15,250,30,0.5,0.43,0.09,0.04
224,Makrela wedzona,221,61.8,20.7,20.7,0,15.5,0,1170,275,5,240,30,1.2,0.39,0.16,0.04
225,Pikling,215,60.6,21.8,21.8,0,14.3,0,1170,285,32,254,33,1.4,1.68,0.33,0.04
226,Wegorz wedzony,326,51.3,17.9,17.9,0,28.6,0,500,243,19,250,18,0.7,0.47,0.12,0.03
227,Paprykarz Szczecinski,178,67,9.9,8.6,1.3,11.9,8.6,595,327,15,147,27,0.7,0.51,0.07,0.14
228,Pasztet z ryb wedzonych,151,72.2,12.9,12.7,0.2,10.6,1.2,669,209,43,184,24,1.1,1.09,0.17,0.07
229,Pasztet rybny homogenizowany,265,56.4,10.6,9.5,1.1,21.3,8.8,658,226,28,145,24,0.9,0.88,0.16,0.1
230,Salatka z dorsza,187,66.2,9.8,8.8,1,13.9,7.2,684,370,19,153,29,0.7,0.46,0.07,0.09
231,Salatka pikantna z makreli,181,67,10.2,8.9,1.3,13.2,6.9,621,425,25,141,31,0.9,0.46,0.12,0.12
232,Sardynka w oleju,221,58.4,24.1,24.1,0,13.9,0,366,388,330,430,46,2.7,2.2,0.11,0.09
233,Sardynka w pomidorach,162,69.6,17,17,0,9.9,1.4,350,410,250,420,39,2.9,2.4,0.16,0.11
234,sledz marynowany,192,64.9,16.5,16.5,0,12.6,3.4,1090,74,18,149,12,0.7,0.53,0.12,0.02
235,sledz w oleju,301,53.8,16.4,16.4,0,26.5,0,562,241,33,221,28,0.9,1.13,0.24,0.02
236,sledz w sosie pomidorowym,159,68.7,13.8,13.2,0.6,9.7,4.6,548,288,32,186,28,0.9,1.01,0.2,0.05
237,Tunczyk w oleju,190,61.6,27.1,27.1,0,9,0,515,248,12,294,33,1.2,0.61,0.23,0.05
238,Tunczyk w wodzie,96,75.8,21,21,0,1.2,0,515,182,13,170,43,1.4,0.88,0.04,0.02
239,sledz w smietanie,96,82.1,5.5,5.1,0.4,6.2,5.3,37,145,46,84,12,0.5,0.46,0.09,0.05
240,sledzie zawijane (rolmopsy),104,80.4,8,7.5,0.5,7,3,231,161,25,113,22,0.6,0.68,0.13,0.07
241,Olej krokoszowy,884,0,0,0,0,100,0,0,0,0,0,0,0,0,0,0
242,Olej kukurydziany,884,0,0,0,0,100,0,1,1,15,0,0,0.1,0,0,0
243,Olej palmowy,884,0,0,0,0,100,0,0,0,0,0,0,0,0,0,0
244,Olej rzepakowy o obnizonej zawartosci kwasu erukowego,884,0,0,0,0,100,0,0,0,0,0,0,0,0,0.04,0
245,Olej rzepakowy uniwersalny,884,0,0,0,0,100,0,0,0,0,0,0,0,0,0.04,0
246,Olej rzepakowy tloczony na zimno,884,0,0,0,0,100,0,0,0,0,0,0,0,0,0,0
247,Olej rzepakowo-sojowy,884,0,0,0,0,100,0,0,0,0,0,0,0,0,0,0
248,Olej sezamowy,884,0,0,0,0,100,0,2,20,10,0,0,0.1,0,0,0
249,Olej slonecznikowy,884,0,0,0,0,100,0,0,0,0,0,0,0.1,0,0.02,0
250,Olej sojowy,884,0,0,0,0,100,0,0,0,0,0,0,0,0.01,0,0
251,Olej z zarodkow pszennych,884,0,0,0,0,100,0,0,0,0,0,0,0,0,0,0
252,Oliwa z oliwek,882,0.2,0,0,0,99.6,0.2,1,0,0,1,0,0.4,0.06,0.07,0
253,Planta,884,0,0,0,0,100,0,0,0,0,0,0,0,0,0,0
254,Margaryna Bona,442,49.8,0,0,0,50,0,119,0,0,0,0,0,0,0.01,0
255,Margaryna Flora,531,39.8,0,0,0,60,0,119,0,0,0,0,0.1,0,0.02,0
256,Margaryna Kama,398,54.8,0,0,0,45,0,119,0,0,0,0,0,0,0.01,0
257,Margaryna Mini Light,442,50,0,0,0,50,0,0,0,0,0,0,0,0,0,0
258,Margaryna mleczna,710,19.1,0.3,0.3,0,80,0.4,119,10,9,6,1,0.1,0.02,0.01,0.01
259,Margaryna Palma,710,19.1,0.3,0.3,0,80,0.4,119,10,9,6,1,0.1,0.02,0.01,0.01
260,Margaryna Rama,621,29.4,0.1,0.1,0,70,0.4,122,10,5,3,0,0,0,0,0
261,Margaryna sloneczna,710,19.1,0.3,0.3,0,80,0.4,119,7,5,4,1,0.1,0.02,0,0
262,Margaryna sniadaniowa,534,39.2,0.3,0.3,0,60,0.5,3,9,8,6,1,0,0.02,0,0
263,Margaryna Tina,398,55,0,0,0,45,0,0,0,0,0,0,0,0,0,0
264,Margaryna zwykla,710,19.1,0.3,0.3,0,80,0.4,122,10,9,6,1,0.1,0.02,0.01,0.01
265,Maslo roslinne kubkowe,666,24.1,0.3,0.3,0,75,0.4,122,10,8,5,1,0.1,0.02,0.01,0.01
266,"Maslo roslinne, kostka",710,19.1,0.3,0.3,0,80,0.4,122,10,9,6,1,0.1,0.02,0,0
267,Maslo roslinne Nova,442,49.9,0,0,0,50,0,119,0,0,0,0,0,0,0,0
268,Maslo extra,735,16,0.7,0.7,0,82.5,0.7,9,25,16,12,1,0.1,0.08,0.01,0
269,Maslo smietankowe,659,24,1.1,1.1,0,73.5,1.1,6,15,12,12,1,0.1,0.07,0.01,0
270,Slonina,797,8.5,2.4,2.4,0,89,0,23,27,1,24,2,0.3,0.06,0.01,0
271,Smalec,880,0.5,0,0,0,99.5,0,1,1,0,1,0,0.1,0.04,0,0
272,"Finea Mix, niskotluszczowa",533,39.1,0.3,0.3,0,60,0.3,326,4,11,10,2,0.1,0.06,0.01,0.01
273,Maselko zakopianskie,573,34,0.9,0.9,0,64,0.9,5,13,10,10,1,0.1,0.06,0.01,0
274,Mlemix zambrowski,573,34,0.9,0.9,0,64,0.9,5,12,10,10,1,0.1,0.06,0.01,0
275,"Maka pszenna, typ 500",342,14.5,9.2,0,9.2,1.2,74.9,2,110,18,67,10,1.1,0.56,0.08,0.25
276,"Maka pszenna, typ 500, wzbogacona",342,14.5,9.2,0,9.2,1.2,74.9,2,110,68,67,10,1.1,0.56,0.08,0.25
277,"Maka pszenna, typ 550",343,14.5,9.4,0,9.4,1.6,74.1,2,136,19,92,19,1.3,0.91,0.12,0.4
278,"Maka pszenna, typ 750",330,14.5,9.1,0,9.1,1.8,73.8,3,165,20,122,31,1.6,1.36,0.15,0.62
279,"Maka pszenna, typ 1850",322,14.5,11.3,0,11.3,2.3,70.6,3,340,34,295,98,3.5,3.05,0.33,2.4
280,"Maka pszenna, typ 2000",317,14.5,11.1,0,11.1,2.4,70.5,4,340,37,330,120,3.8,3.49,0.37,2.65
281,"Maka zytnia, typ 580",327,14.5,5.5,0,5.5,1.5,78.1,2,155,19,91,21,1.1,1.04,0.09,0.7
282,"Maka zytnia, typ 720",327,14.5,5.9,0,5.9,1.7,77.4,2,190,21,113,29,1.4,1.5,0.17,1.24
283,"Maka zytnia, typ 1400",325,14.5,7,0,7,2.2,75.4,2,313,32,224,63,2.5,3.1,0.25,3.56
284,"Maka zytnia, typ 1850",321,14.5,7.3,0,7.3,2.2,75,3,361,33,258,76,3.1,3.7,0.33,4.12
285,"Maka zytnia, typ 2000",319,14.5,7.9,0,7.9,2.2,74.2,3,420,37,302,89,3.4,3.84,0.35,4.24
286,Semolina,346,13.2,10.1,0,10.1,1.3,75,1,170,18,110,32,1,0.6,0.15,0.6
287,Skrobia kukurydziana,353,11.2,0.2,0,0.2,0,88.5,2,7,11,14,3,0.2,0.07,0.01,0.01
288,Ziarno pszenicy,317,14.5,11.1,0,11.1,2.4,70.5,4,340,37,330,120,3.8,3.49,0.37,2.65
289,Ziarno zyta,319,14.5,7.9,0,7.9,2.2,74.2,3,420,37,302,89,3.4,3.84,0.35,4.24
290,Kasza gryczana,336,13,12.6,0,12.6,3.1,69.3,5,443,25,459,218,2.8,3.5,0.41,2.04
291,Kasza jaglana,346,14,10.5,0,10.5,2.9,71.6,5,220,10,240,100,4.8,3.4,0.78,1.61
292,Kasza jeczmienna perlowa,327,15,6.9,0,6.9,2.2,75,4,264,20,206,45,1.6,0.92,0.18,0.75
293,"Kasza jeczmienna, peczak",334,13.6,8.4,0,8.4,2,74.9,5,228,20,181,45,1.9,0.92,0.18,0.75
294,Kasza manna,348,13,8.7,0,8.7,1.3,76.7,3,116,17,93,18,0.9,0.85,0.1,0.36
295,Ryz bialy,344,13,6.7,0,6.7,0.7,78.9,6,111,10,135,13,0.8,1.73,0.17,1.01
296,Ryz brazowy,322,13,7.1,0,7.1,1.9,76.8,10,260,32,250,110,1.3,1.5,0.18,2.4
297,Makaron bezjajeczny,363,9.5,10,0,10,1.6,78.5,2,149,20,100,22,1.3,0.91,0.13,0.46
298,Makaron bezjajeczny z semoliny,366,8.1,10.7,0,10.7,1.4,79.4,1,180,19,116,34,1.1,0.64,0.16,0.64
299,Makaron dwujajeczny,373,8,11.5,1.4,10.1,2.6,77.4,17,173,24,127,21,1.6,1.15,0.13,0.43
300,Makaron czterojajeczny,377,7.8,12,2.3,9.7,3.4,76.2,28,187,29,145,29,1.7,1.17,0.16,0.53
301,Makaron dwujajeczny z semoliny,374,7.4,11.9,1.4,10.5,2.4,77.8,16,191,24,136,34,1.3,0.81,0.16,0.63
302,Chleb zytni pelnoziarnisty,237,35.4,6.7,1.1,5.6,1.8,53.9,454,356,66,245,71,2.5,2.86,0.26,3.01
303,Chleb zytni jasny,241,36.1,4,0,4,1.3,57.1,455,115,14,68,19,0.8,0.77,0.07,0.52
304,Chleb zytni jasny mleczny,253,33.5,4.8,0.8,4,1.8,58.3,467,145,41,86,21,0.8,0.83,0.07,0.52
305,Chleb zytni pytlowy,239,36.3,4.4,0,4.4,1.5,56.2,449,147,16,92,28,1.1,1.15,0.13,0.97
306,Chleb zytni razowy,223,39.2,5.6,0,5.6,1.7,51.5,457,279,25,204,64,2.3,2.54,0.24,2.74
307,Chleb zytni razowy litewski,233,37.2,6.3,1.1,5.2,1.7,52.9,358,314,61,215,61,2.2,2.49,0.23,2.55
308,Chleb zytni razowy na miodzie,234,37.2,5.3,0,5.3,1.6,54.2,347,260,24,187,57,2.1,2.37,0.22,2.55
309,Chleb zytni razowy wytrawny,227,38.2,6.7,1.4,5.3,1.7,51.1,507,334,71,227,65,2.3,2.57,0.23,2.6
310,Chleb zytni razowy z soja i slonecznikiem,244,35.7,7.9,0.1,7.8,3.7,50.5,391,411,41,248,78,2.8,2.61,0.35,2.72
311,Chleb zytni sitkowy,229,38.2,5.2,0,5.2,1.5,53.2,465,217,23,159,49,1.8,2.12,0.18,2.36
312,Chleb zytni starogardzki,223,41,4.2,0.1,4.1,1.3,52.1,409,128,15,78,24,1,1.01,0.12,0.78
313,Chleb staropolski,219,41,5,0,5,1.7,50.5,447,232,22,166,52,2,2.34,0.21,2.54
314,Chleb zytni wilenski,225,40.4,4.4,0,4.4,1.5,52.3,353,179,19,124,37,1.4,1.7,0.15,1.86
315,Pumpernikiel,252,32,5.8,0,5.8,2,58.3,395,310,28,222,68,2.5,2.83,0.26,3.13
316,Chleb baltonowski,246,35.1,5.9,0.1,5.8,1.5,55.9,434,136,16,91,26,1.2,1.08,0.12,0.65
317,Chleb chrupki,353,8,8.7,0,8.7,2.4,78.9,272,448,42,331,100,4,4.1,0.37,4.53
318,Chleb mazowiecki,248,34.4,6.3,0.1,6.2,1.4,56.3,394,140,16,98,29,1.3,1.12,0.12,0.66
319,Chleb mieszany slonecznikowy,246,38.1,6.4,0.1,6.3,4.5,49.2,387,233,28,182,63,1.8,1.92,0.27,2.03
320,Chleb mieszany z soja,232,39,6.8,0.1,6.7,2.7,49.6,386,303,33,167,50,2,1.83,0.23,1.86
321,Chleb mleczny,251,33.8,6.6,0.9,5.7,1.5,56.4,397,175,46,112,29,1.2,1.16,0.12,0.65
322,Chleb naleczowski,244,35.3,5.7,0.1,5.6,1.3,56.2,389,142,16,96,28,1.2,1.13,0.13,0.75
323,Chleb poleski,249,34.6,6.3,0.1,6.2,2.1,55.3,391,199,22,155,46,1.7,1.81,0.18,1.84
324,Chleb praski,244,35.3,5.7,0.1,5.6,1.3,56.2,389,142,16,96,28,1.2,1.13,0.13,0.75
325,Chleb wiejski,241,36.3,5.8,0.1,5.7,1.3,55.1,371,136,17,96,28,1.2,1.08,0.12,0.69
326,Chleb wielkopolski,250,33.5,6,0.1,5.9,1.5,57.3,431,162,17,113,33,1.3,1.42,0.14,1.12
327,Chleb zakopianski,261,31.7,6.8,1.1,5.7,1.9,57.9,404,185,52,122,32,1.3,1.23,0.13,0.76
328,Chleb zwykly,245,34.8,5.4,0.1,5.3,1.3,57,391,148,17,98,29,1.2,1.17,0.13,0.84
329,Bagietki francuskie,283,28.1,7.9,0.3,7.6,1.7,60.1,708,124,17,81,22,1.2,0.8,0.1,0.35
330,Bulki grahamki,258,31.1,8.2,0.1,8.1,1.7,56.9,474,228,24,191,65,2.3,2,0.22,1.48
331,Bulki pszenne zwykle,272,31.4,7.3,0.1,7.2,1.5,58.5,377,112,15,74,18,1.1,0.74,0.1,0.33
332,Bulka tarta,347,10,9.7,0.1,9.6,1.9,77.6,503,202,27,165,42,2.2,1.62,0.19,1.06
333,Chleb Graham,226,39.4,7.6,0.1,7.5,1.7,49.4,432,215,22,182,62,2.2,1.9,0.21,1.42
334,Chleb pszenny,249,34,6.8,0.1,6.7,1.4,56,454,137,16,100,30,1.3,1.1,0.12,0.57
335,Chleb pszenny z ziarnem pszenicy,228,38.5,7.7,0.2,7.5,1.8,50,411,224,23,197,69,2.4,2.07,0.22,1.52
336,Buleczki do hot dogow,339,21.6,8.7,1.7,7,7.5,60.6,433,154,40,105,22,1.3,0.93,0.1,0.33
337,Bulki mleczne,313,24.4,8.3,0.9,7.4,4.5,61.2,433,149,40,96,22,1.2,0.86,0.1,0.36
338,Bulki owsiane,304,26,8.7,1.1,7.6,4.5,59.1,417,198,53,153,39,1.5,1.2,0.17,0.93
339,Bulki sojowe,328,19.8,9.7,0.8,8.9,4.2,64.6,429,225,47,119,31,1.5,1,0.15,0.47
340,Bulki wroclawskie,293,29.7,7.2,0.2,7,4.4,57.4,400,111,15,73,18,1.1,0.73,0.09,0.32
341,Kajzerki,295,28,7.5,0.2,7.3,3.6,59.4,464,116,16,77,19,1.1,0.77,0.1,0.34
342,Pieczywo tostowe,305,26.6,8.1,1.2,6.9,4.7,58.8,488,161,47,100,23,1.2,0.86,0.1,0.34
343,Strucle wroclawskie,302,28,8.1,1.6,6.5,4.8,57.6,387,158,56,102,22,1.1,0.83,0.1,0.31
344,Pieczywo tostowe Graham,273,32.7,7.5,0.2,7.3,4.2,53.8,543,152,18,113,35,1.5,1.11,0.13,0.76
345,Bulki i rogale maslane,326,23.2,7.7,1,6.7,5.9,61.8,396,133,33,88,20,1.1,0.8,0.1,0.33
346,Chalki zdobne,332,23.4,7,0.5,6.5,7,61.6,278,113,15,74,17,1.1,0.74,0.09,0.31
347,Pieczywo polfrancuskie z dzemem,409,7.5,7.6,1.2,6.4,9.9,73.7,285,203,47,94,22,1.5,0.81,0.13,0.34
348,Pieczywo polfrancuskie z serem,394,11.5,9.9,3.6,6.3,10,67.3,290,149,51,120,20,1.1,0.93,0.1,0.31
349,Rogale kruche,338,22.1,7.6,0.7,6.9,7.5,61.4,406,128,25,85,20,1.1,0.8,0.1,0.33
350,Chrupki kukurydziane,352,8.3,8.9,0,8.9,3,78.9,12,206,3,223,65,1.8,0.93,0.08,0.26
351,Musli z owocami suszonymi,325,14.1,8.4,0,8.4,3.4,72.2,101,564,49,260,93,3.1,2.17,0.4,2.27
352,Musli z rodzynkami i orzechami,375,10.8,11.5,0,11.5,12.7,62.9,122,443,71,381,136,3.9,3.01,0.55,3.29
353,Otreby pszenne,185,11.5,16,0,16,4.6,61.9,9,1121,119,1276,490,14.9,8.85,0.95,10
354,Platki jeczmienne,355,4.8,9.8,0,9.8,3.6,79.4,651,388,31,332,90,3.6,2,0.25,0.96
355,Platki kukurydziane,363,4.4,6.9,0,6.9,2.5,83.6,1167,100,8,40,6,0.8,0.16,0.05,0.07
356,Platki kukurydziane wzbogacane,363,4.4,6.9,0,6.9,2.5,83.6,1167,100,8,40,6,14,0.16,0.05,0.07
357,Platki owsiane,366,10,11.9,0,11.9,7.2,69.3,5,379,54,433,129,3.9,3.1,0.55,4.19
358,Platki pszenne,351,4.7,9,0,9,3,81,644,360,31,317,97,3.4,2.46,0.36,1.72
359,Platki zytnie,343,5.4,6.4,0,6.4,3.2,82.6,662,422,28,302,88,2.7,2.51,0.3,2.73
360,Ryz preparowany,361,7.7,6.3,0,6.3,1.6,84.1,3,113,6,98,52,0.6,1.1,0.33,1
361,Zarodki pszenne,323,13.2,27.5,0,27.5,9.4,45.5,3,1024,51,1070,314,9,14.96,0.91,17.24
362,Paszteciki drozdzowe z miesem,308,43,8.4,4.4,4,18.4,28.8,507,188,32,119,18,1.3,1.01,0.12,0.21
363,Pizza miesno-ziolowa,327,30.5,16.5,11.3,5.2,13.4,36.8,710,346,315,266,38,2.3,1.68,0.14,0.32
364,Pizza z pieczarkami i cebula,289,40.5,12,7.3,4.7,13.3,32.1,376,309,276,226,32,2,1.2,0.19,0.28
365,Baklazan,21,91.9,1.1,0,1.1,0.1,6.3,2,305,18,33,16,0.6,0.2,0.01,0.1
366,Bocwina,17,89.8,2.1,0,2.1,0.5,5.5,56,548,97,36,43,2.2,1,0.18,0.26
367,Bob,66,77.3,7.1,0,7.1,0.4,14,7,261,60,57,24,1.9,1.62,0.1,0.39
368,Brokuly,27,90.5,3,0,3,0.4,5.2,7,385,48,66,23,0.9,0.4,0.03,0.53
369,Brukselka,37,84.8,4.7,0,4.7,0.5,8.7,10,416,57,33,21,0.9,0.86,0.07,0.45
370,Burak,38,87.6,1.8,0,1.8,0.1,9.5,52,348,41,17,17,1.7,0.57,0.1,0.44
371,Cebula,30,90.8,1.4,0,1.4,0.4,6.9,6,121,25,14,8,0.5,0.24,0.06,0.17
372,Chrzan,67,75,4.5,0,4.5,0.6,18.1,7,740,78,120,43,1.2,1.4,0.23,0.46
373,Cukinia,15,95,1.2,0,1.2,0.1,3.2,3,250,15,32,22,0.4,0.3,0.08,0.16
374,Cykoria,21,93.1,1.7,0,1.7,0.2,4.1,6,237,32,32,15,0.9,0.23,0.17,0.37
375,Czosnek,146,59,6.4,0,6.4,0.5,32.6,17,400,41,153,25,1.7,1,0.26,0.46
376,Dynia,28,89.9,1.3,0,1.3,0.3,7.7,4,278,66,43,14,0.8,0.38,0.15,0.04
377,"Fasola biala, nasiona suche",288,11.5,21.4,0,21.4,1.6,61.6,19,1188,163,437,169,6.9,3.77,0.48,2
378,"Fasola mung, kielki",29,90,3,0,3,0.4,6.2,2,132,13,45,17,0.7,0.47,0.1,0.12
379,Fasola szparagowa,27,89.1,2.4,0,2.4,0.2,7.6,6,264,65,44,22,1.1,0.61,0.1,0.22
380,"Groch, nasiona suche",293,11.6,23.8,0,23.8,1.4,60.2,30,937,57,388,124,4.7,4.2,0.5,2.03
381,Groszek zielony,76,75,6.7,0,6.7,0.4,17,2,353,22,122,29,1.9,1.4,0.3,0.63
382,Jarmuz,29,88.4,3.3,0,3.3,0.7,6.1,12,530,157,56,30,1.7,0.44,0.09,0.55
383,Kalafior,22,91.5,2.4,0,2.4,0.2,5,26,214,13,28,11,0.6,0.23,0.04,0.23
384,Kalarepa,29,89.9,2.2,0,2.2,0.3,6.5,8,304,42,46,10,0.9,0.26,0.16,0.15
385,Kapusta biala,29,89.8,1.7,0,1.7,0.2,7.4,19,228,67,33,13,0.3,0.32,0.03,0.23
386,Kapusta czerwona,27,90.3,1.9,0,1.9,0.2,6.7,11,269,46,31,12,0.5,0.43,0.09,0.24
387,Kapusta pekinska,12,94.4,1.2,0,1.2,0.2,3.2,9,150,45,37,15,0.3,0.28,0.04,0.15
388,Kapusta wloska,38,87.3,3.3,0,3.3,0.4,7.8,9,306,77,49,16,0.4,0.27,0.09,0.31
389,Koper ogrodowy,26,89,2.8,0,2.8,0.4,6.1,7,396,64,51,14,2.7,2.6,0.12,0.5
390,"Kukurydza, kolby",110,70.9,3.7,0,3.7,1.5,23.4,7,283,6,102,37,0.8,0.4,0.04,0.2
391,Marchew,27,89.7,1,0,1,0.2,8.7,82,282,36,32,16,0.5,0.34,0.1,0.19
392,Ogorek,13,95.8,0.7,0,0.7,0.1,2.9,11,125,15,23,8,0.2,0.24,0.11,0.08
393,Papryka czerwona,28,91,1.3,0,1.3,0.5,6.6,3,255,13,31,11,0.6,0.26,0.08,0.1
394,Papryka zielona,18,93.5,1.1,0,1.1,0.3,4.6,2,176,12,23,9,0.5,0.24,0.08,0.1
395,Pasternak,56,81,1.6,0,1.6,0.6,15.5,3,490,41,73,25,0.7,0.51,0.14,0.4
396,"Pietruszka, korzen",38,85.3,2.6,0,2.6,0.5,10.5,49,399,43,77,27,1.1,0.6,0.14,0.58
397,"Pietruszka, liscie",41,84.5,4.4,0,4.4,0.4,9,39,695,193,84,69,5,0.98,0.61,0.42
398,Pomidor,15,94.8,0.9,0,0.9,0.2,3.6,8,282,9,21,8,0.5,0.26,0.06,0.06
399,Por,24,90.9,2.2,0,2.2,0.3,5.7,6,248,48,52,11,1.1,0.69,0.13,0.18
400,Rabarbar,9,94.1,0.5,0,0.5,0.1,4.6,2,136,52,24,13,0.6,0.13,0.05,0.16
401,Rzepa,26,89.7,1.1,0,1.1,0.3,8.2,17,280,40,34,10,0.5,0.14,0.1,0.07
402,Rzodkiewka,14,93.8,1,0,1,0.2,4.4,11,236,29,19,7,0.8,0.26,0.04,0.09
403,Salata,14,94.5,1.4,0,1.4,0.2,2.9,4,134,24,21,9,0.7,0.44,0.04,0.28
404,Seler korzeniowy,21,89.5,1.6,0,1.6,0.3,7.7,86,320,40,80,19,0.5,0.56,0.05,0.2
405,Seler naciowy,13,94.3,1,0,1,0.2,3.6,62,320,41,26,12,0.4,0.17,0.04,0.14
406,"Soczewica czerwona, nasiona suche",327,11.9,25.4,0,25.4,3,57.5,2,874,46,301,71,5.8,3.34,0.85,1.35
407,"Soczewica, kielki",120,67.3,9,0,9,0.6,22.1,9,292,29,156,43,2.9,1.52,0.36,0.51
408,"Soja, nasiona suche",382,8.1,34.3,0,34.3,19.6,32.7,1,2132,240,743,216,8.9,3.46,1.5,2.49
409,"Soja, kielki",141,69,13.1,0,13.1,6.7,9.6,14,484,67,164,72,2.1,1.2,0.23,0.17
410,Szczaw,21,92.1,1.1,0,1.1,0.8,4.9,14,333,80,23,19,2,0.8,0.07,0.34
411,Szczypiorek,29,90.3,4.1,0,4.1,0.8,3.9,2,252,97,52,26,1.3,0.51,0.07,0.53
412,Szparagi,18,93.7,1.9,0,1.9,0.2,3.7,2,300,22,52,18,0.7,0.9,0.08,0.2
413,Szpinak,16,92.4,2.6,0,2.6,0.4,3,26,235,93,29,53,2.8,0.7,0.1,0.26
414,Ziemniaki wczesne,69,80.9,1.8,0,1.8,0.1,16.3,7,415,4,52,24,0.5,0.33,0.09,0.18
415,Ziemniaki pozne,85,76.5,1.9,0,1.9,0.1,20.5,7,491,4,61,23,0.6,0.35,0.14,0.18
416,"Ziemniaki, srednio",77,78.8,1.9,0,1.9,0.1,18.3,7,443,4,56,23,0.5,0.33,0.1,0.18
417,Brokuly mrozone,24,91.4,2.7,0,2.7,0.4,4.7,6,312,39,53,19,0.7,0.32,0.02,0.43
418,Brukselka mrozona,36,85.4,4.5,0,4.5,0.5,8.4,9,359,49,29,18,0.8,0.74,0.06,0.39
419,Buraki puree mrozone,34,88.8,1.6,0,1.6,0.1,8.6,42,282,33,14,14,1.4,0.46,0.08,0.36
420,Fasolka szparagowa mrozona,24,90.2,2.2,0,2.2,0.2,6.8,5,214,53,36,18,0.9,0.49,0.08,0.18
421,Groszek zielony mrozony,72,76,6.4,0,6.4,0.4,16.3,2,305,19,105,25,1.6,1.21,0.26,0.54
422,Kalafior mrozony,20,92.3,2.2,0,2.2,0.2,4.5,21,173,11,23,9,0.5,0.19,0.03,0.19
423,Marchew mrozona,24,90.7,0.9,0,0.9,0.2,7.8,66,228,29,26,13,0.4,0.28,0.08,0.15
424,"Ogorki, mizeria mrozone",12,96.2,0.6,0,0.6,0.1,2.6,9,101,12,19,6,0.2,0.19,0.09,0.06
425,Pomidor mrozony,15,94.8,0.9,0,0.9,0.2,3.6,8,282,9,21,8,0.5,0.26,0.06,0.06
426,Szpinak mrozony,15,93.2,2.3,0,2.3,0.4,2.7,21,190,75,23,43,2.3,0.57,0.08,0.21
427,Barszcz ukrainski mrozony,28,90.3,1.6,0,1.6,0.2,7.1,30,256,34,25,13,0.9,0.37,0.07,0.24
428,Bukiet z jarzyn wiosennych mrozony,30,88.6,2.8,0,2.8,0.3,7.5,19,235,33,36,15,0.8,0.48,0.08,0.25
429,Bukiet z jarzyn z makaronem mrozony,132,65,5.3,0.3,5,1.2,27.8,23,244,29,83,36,1.4,0.93,0.15,0.49
430,Bukiet z jarzyn z ryzem mrozony,66,81.1,2.4,0,2.4,0.3,15.6,16,261,16,54,15,0.7,0.59,0.11,0.28
431,Kapusniak mrozony,36,88.7,1.4,0,1.4,0.2,9,21,253,30,32,14,0.4,0.3,0.06,0.18
432,Marchew z groszkiem mrozona,39,86.1,2.6,0,2.6,0.3,10.4,47,251,26,50,17,0.8,0.56,0.13,0.27
433,Paprykarz mrozony,19,93.7,1.1,0,1.1,0.3,4.4,5,265,14,27,13,0.5,0.28,0.07,0.1
434,Salatka jarzynowa z kukurydza mrozona,63,80.6,3.4,0,3.4,0.6,14.8,29,256,19,68,25,1,0.64,0.14,0.31
435,Salatka meksykanska mrozona,45,85.6,2.5,0,2.5,0.5,10.8,23,243,24,53,18,0.7,0.47,0.09,0.21
436,Salata skandynawska mrozona,28,90.2,1.9,0,1.9,0.2,6.9,36,315,38,35,17,1,0.41,0.07,0.39
437,Wloszczyzna krojona w paski mrozona,25,89.7,1.4,0,1.4,0.3,7.9,58,261,32,46,16,0.6,0.4,0.08,0.23
438,Zupa jesienna mrozona,27,90.2,1.6,0,1.6,0.2,7.2,36,241,30,27,12,0.8,0.34,0.09,0.22
439,Zupa kalafiorowa mrozona,22,91.5,2,0,2,0.2,5.5,30,197,18,29,11,0.5,0.26,0.05,0.2
440,Zupa wloska mrozona,27,90.4,1.8,0,1.8,0.3,6.9,32,239,20,35,12,0.6,0.37,0.08,0.19
441,Zupa ziemniaczana mrozona,41,86.6,1.5,0,1.5,0.2,11,37,293,22,45,18,0.6,0.38,0.09,0.2
442,Zupa zimowa mrozona,25,90,2.1,0,2.1,0.3,6.9,34,236,34,31,15,0.7,0.44,0.08,0.22
443,"Fasola cieta, konserwowa bez zalewy",16,92.8,1.5,0,1.5,0.2,4.5,256,124,43,22,12,1.3,0.29,0.07,0.18
444,"Fasolka flageolet, konserwowa",61,77.2,6.3,0,6.3,0.2,15,291,299,56,125,36,1.9,0.62,0.18,0.36
445,"Groszek zielony, konserwowy bez zalewy",63,78.1,4.9,0,4.9,0.2,15.8,178,114,40,73,28,1.7,0.83,0.16,0.42
446,Kapusta kwaszona,11,93.2,1.1,0,1.1,0.2,3.4,260,211,36,18,7,0.5,0.24,0.04,0.14
447,Koncentrat pomidorowy 30%,92,73.5,5.6,0,5.6,1.5,16.7,30,1072,55,74,51,1.9,0.99,0.11,0.23
448,Maka sojowa pelnotlusta,424,6.8,45,0,45,23.5,20.1,1,2307,269,753,300,9.1,4.55,1.53,3.48
449,Ogorek kwaszony,11,95,1,0,1,0.1,1.9,703,99,18,27,43,0.4,0.82,0.06,0.1
450,Papryka czerwona konserwowa,30,92,0.8,0,0.8,1.5,5,291,78,14,68,5,3,0.49,0.06,0.04
451,Skrobia ziemniaczana,342,15,0.6,0,0.6,0.1,83.9,5,14,39,59,8,0.6,0.06,0.01,0.17
452,Sos keczup,93,71,1.8,0,1.8,1,22.2,962,335,27,59,32,1.4,0.26,0.26,0.24
453,Szparagi konserwowe,19,93.9,2.1,0,2.1,0.7,2.5,290,130,14,28,9,0.4,0.4,0.06,0.14
454,Kukurydza konserwowa,103,71.8,2.9,0,2.9,1.2,23.6,270,220,4,79,23,0.5,0.5,0.04,0.1
455,"Pieczarka uprawna, swieza",17,93.3,2.7,0,2.7,0.4,2.6,6,289,11,165,12,0.9,0.47,0.4,0.06
456,Agrest,41,86.7,0.8,0,0.8,0.2,11.8,2,230,20,26,10,0.5,0.09,0.19,0.05
457,Ananas,54,85.5,0.4,0,0.4,0.2,13.6,1,220,17,12,15,0.3,0.24,0.07,0.5
458,Arbuz,36,90.6,0.6,0,0.6,0.1,8.4,1,130,6,9,2,0.2,0.07,0.06,0.02
459,Awokado,160,74.3,2,0,2,15.3,7.4,10,600,11,41,39,1,0.4,0.18,0.19
460,Banan,95,74.4,1,0,1,0.3,23.5,1,395,6,20,33,0.4,0.18,0.1,0.42
461,Brzoskwinia,46,86.3,1,0,1,0.2,11.9,3,200,9,24,8,0.6,0.14,0.05,0.13
462,Cytryna,36,88.9,0.8,0,0.8,0.3,9.5,5,125,40,22,9,0.6,0.08,0.2,0.04
463,Czarne jagody,45,86.1,0.8,0,0.8,0.6,12.2,1,62,15,14,2,0.7,0.45,0.11,0.84
464,Czeresnie,61,83.6,1,0,1,0.3,14.6,2,202,13,16,7,0.3,0.15,0.05,0.02
465,Grejpfrut,36,89,0.6,0,0.6,0.2,9.8,2,277,22,18,12,0.2,0.19,0.07,0.01
466,Gruszka,54,84.5,0.6,0,0.6,0.2,14.4,2,118,12,15,8,0.3,0.15,0.06,0.06
467,Gujawa,38,86.1,0.8,0,0.8,0.6,11.9,5,210,12,23,11,0.4,0.18,0.09,0.09
468,Jablko,46,86.8,0.4,0,0.4,0.4,12.1,2,134,4,9,3,0.3,0.16,0.04,0.08
469,Kiwi,56,84,0.9,0,0.9,0.5,13.9,4,290,25,32,15,0.4,0.1,0.13,0.1
470,Maliny,29,85.8,1.3,0,1.3,0.3,12,2,203,35,33,20,0.8,0.36,0.19,0.32
471,Mandarynki,42,87.6,0.6,0,0.6,0.2,11.2,1,189,30,18,17,0.3,0.07,0.05,0.04
472,Mango,67,81.7,0.5,0,0.5,0.3,17,7,201,11,14,19,0.5,0.12,0.13,0.17
473,Melon,36,89.7,0.9,0,0.9,0.3,8.4,22,382,27,22,23,0.5,0.28,0.01,0.09
474,Morele,47,86.4,0.9,0,0.9,0.2,11.9,1,275,23,21,7,0.6,0.14,0.15,0.18
475,Nektarynka,49,86.6,0.9,0,0.9,0.2,11.8,1,214,9,28,13,0.5,0.13,0.08,0.13
476,Papaja,41,87.6,0.6,0,0.6,0.1,11.1,3,255,24,5,10,0.1,0.07,0.03,0.02
477,Pomarancza,44,87.1,0.9,0,0.9,0.2,11.3,3,183,33,23,12,0.4,0.15,0.07,0.03
478,Porzeczki biale,33,85.2,1,0,1,0.2,13.1,1,275,30,23,12,1,0.22,0.13,0.66
479,Porzeczki czarne,36,82.7,1.3,0,1.3,0.2,14.9,2,336,39,58,20,1.2,0.32,0.11,0.73
480,Porzeczki czerwone,31,84.2,1.1,0,1.1,0.2,13.8,2,259,36,33,12,0.9,0.22,0.11,0.7
481,Poziomki,33,89.6,0.8,0,0.8,0.5,8.3,1,147,28,27,10,0.8,0.08,0.12,0.22
482,sliwki,45,87.1,0.6,0,0.6,0.2,11.7,2,208,16,20,8,0.5,0.11,0.11,0.09
483,Truskawki,28,90.9,0.7,0,0.7,0.4,7.2,1,133,26,25,10,0.7,0.09,0.11,0.22
484,Winogrona,69,81.3,0.5,0,0.5,0.2,17.6,2,226,17,21,6,0.3,0.11,0.09,0.09
485,Wisnie,47,87.3,0.9,0,0.9,0.4,10.9,3,150,13,20,9,0.3,0.1,0.13,0.03
486,Czarne jagody mrozone,45,86.1,0.8,0,0.8,0.6,12.2,1,62,15,14,2,0.7,0.45,0.11,0.84
487,Maliny mrozone,29,85.8,1.3,0,1.3,0.3,12,2,203,35,33,20,0.8,0.36,0.19,0.32
488,Porzeczki czarne mrozone,36,82.7,1.3,0,1.3,0.2,14.9,2,336,39,58,20,1.2,0.32,0.11,0.73
489,sliwki bez pestek mrozone,45,87.1,0.6,0,0.6,0.2,11.7,2,208,16,20,8,0.5,0.11,0.11,0.09
490,Truskawki mrozone,28,90.9,0.7,0,0.7,0.4,7.2,1,133,26,25,10,0.7,0.09,0.11,0.22
491,Wisnie bez pestkek mrozone,47,87.3,0.9,0,0.9,0.4,10.9,3,150,13,20,9,0.3,0.1,0.13,0.03
492,Mieszanka owocowa mrozona,40,86.1,0.9,0,0.9,0.3,12.1,2,215,23,26,10,0.6,0.13,0.15,0.24
493,Banany suszone,360,3.3,3.8,0,3.8,1.1,88.8,4,1493,23,76,125,1.5,0.68,0.38,1.59
494,Daktyle suszone,277,22,2,0,2,0.4,74,35,688,70,58,54,2,0.33,0.2,0.15
495,Figi suszone,290,15.2,3.6,0,3.6,1.2,78,44,938,203,122,78,3.3,0.94,0.35,0.38
496,Jablka suszone,238,32,2.1,0,2.1,2.1,62.3,10,665,20,45,15,1.5,0.79,0.2,0.4
497,Morele suszone,284,17.6,5.4,0,5.4,1.2,72.2,5,1666,139,127,42,3.6,0.84,0.77,0.93
498,Rodzynki suszone,277,24,2.3,0,2.3,0.5,71.2,21,833,78,129,40,2.3,0.25,0.37,0.32
499,sliwki suszone z pestka,266,24,3.5,0,3.5,1.2,68.9,12,804,72,91,36,1.5,0.65,0.42,0.2
500,Dzem ananasowy niskoslodzony,157,61,0.2,0,0.2,0.1,38.6,1,89,7,5,6,0.1,0.1,0.03,0.2
501,Dzem brzoskwiniowy niskoslodzony,155,60.8,0.5,0,0.5,0.1,38.3,2,94,5,11,4,0.3,0.07,0.03,0.06
502,Dzem z czarnych porzeczek niskoslodzony,152,59.5,0.5,0,0.5,0.1,39.6,1,119,14,20,7,0.4,0.12,0.05,0.26
503,Dzem z czarnych porzeczek wysokoslodzony,251,35.2,0.5,0,0.5,0.1,63.9,1,120,14,21,7,0.4,0.13,0.05,0.27
504,Dzem jagodowy niskoslodzony,153,61.2,0.3,0,0.3,0.2,38.2,1,26,6,6,1,0.3,0.19,0.05,0.34
505,Dzem z kiwi niskoslodzony,154,61.3,0.4,0,0.4,0.2,37.8,2,114,10,13,6,0.2,0.05,0.06,0.04
506,Dzem morelowy niskoslodzony,157,60.4,0.4,0,0.4,0.1,38.8,1,121,10,9,3,0.3,0.07,0.07,0.08
507,Dzem pomaranczowy niskoslodzony,159,60.2,0.3,0,0.3,0.1,39.2,1,56,10,7,4,0.1,0.05,0.03,0.01
508,Dzem sliwkowy niskoslodzony,153,61.5,0.3,0,0.3,0.1,37.9,1,102,8,10,4,0.2,0.06,0.06,0.05
509,Dzem sliwkowy wysokoslodzony,251,37.3,0.3,0,0.3,0.1,62.1,2,104,8,10,4,0.2,0.07,0.07,0.05
510,Dzem truskawkowy niskoslodzony,153,61.3,0.3,0,0.3,0.2,37.8,1,63,13,12,5,0.3,0.05,0.06,0.11
511,Dzem truskawkowy wysokoslodzony,252,36.8,0.3,0,0.3,0.2,62.3,1,64,13,12,5,0.3,0.05,0.06,0.11
512,Dzem wisniowy niskoslodzony,154,61.7,0.4,0,0.4,0.2,37.5,2,68,6,9,4,0.1,0.05,0.06,0.02
513,Dzem wisniowy wysokoslodzony,252,37.5,0.4,0,0.4,0.2,61.7,2,72,7,10,4,0.1,0.06,0.07,0.02
514,Powidla sliwkowe,214,45.1,1,0,1,0.2,53,3,346,40,27,18,2.2,0.18,0.19,0.15
515,"Ananas, plastry w syropie",84,78.1,0.4,0,0.4,0.1,21,1,105,14,7,11,0.2,0.1,0.02,0.5
516,Oliwki zielone marynowane,125,76,1.4,0,1.4,12.7,4.1,2400,55,61,17,22,1.6,0.22,0.23,0.08
517,Brzoskwinia w syropie,73,81.1,0.4,0,0.4,0.1,18.2,6,92,3,11,6,0.3,0.31,0.04,0.05
518,Migdaly,572,4.5,20,0,20,52,20.5,14,778,239,454,269,3,3.19,1,1.7
519,Orzechy arachidowe,560,6.7,25.7,0,25.7,46.1,19.2,16,720,58,385,180,3.2,3.1,0.86,1.5
520,Orzech kokosowy,335,46.9,3.4,0,3.4,33.5,15.2,20,355,14,94,43,1.8,0.5,0.44,1
521,Wiorki kokosowe,606,2.3,5.6,0,5.6,63.2,27,28,660,23,160,90,3.6,0.9,0.55,1.8
522,Orzechy laskowe,640,5.3,14.4,0,14.4,63,14.9,2,616,186,333,140,3.4,2.44,1.29,4.2
523,Orzechy pistacjowe,589,3.6,20.5,0,20.5,48.5,25,6,1090,135,500,158,6.7,1.3,0.81,0.88
524,Orzechy wloskie,645,3.8,16,0,16,60.3,18,4,474,87,332,99,1.8,2.72,0.28,3.6
525,Mak niebieski,478,6.1,20.1,0,20.1,42.9,24.7,6,963,1266,1022,458,8.1,3.34,0.42,3.71
526,"Sezam, nasiona",632,3.7,23.2,0,23.2,59.9,10,13,387,114,775,377,5.9,2.79,1.3,1.42
527,"Slonecznik, nasiona",561,3.5,24.4,0,24.4,43.7,24.6,3,793,131,784,359,4.2,2.69,1.87,2.61
528,"Dynia, pestki",556,6.8,24.5,0,24.5,45.8,18,18,810,43,1170,540,15,7.5,1.57,0
529,Cukier,406,0.2,0,0,0,0,99.8,1,2,1,0,0,0,0.02,0.02,0.01
530,Miod pszczeli,324,20,0.3,0.3,0,0,79.5,7,46,5,16,5,0.9,0.1,0.09,0.03
531,Miod sztuczny,336,17.2,0.1,0,0.1,0,82.5,19,5,6,0,0,0,0.02,0.02,0.01
532,"Irysy, krowki",421,7.7,4.3,4.3,0,10.7,76.1,97,266,181,130,19,0.2,0.65,0.05,0.03
533,Karmelki nadziewane,378,6.9,0.3,0,0.3,0.5,92,80,18,23,12,18,1.4,0.2,0.13,0.07
534,Karmelki twarde,399,1.7,0,0,0,0,98.2,30,3,23,16,3,0.4,0.08,0.02,0.03
535,"Kakao 16%, proszek",448,4.3,18.2,0,18.2,21.7,50.6,17,1927,138,666,420,10.7,6.56,3.71,2.49
536,Baton Bounty Milk,448,8.6,4.2,1.6,2.6,25.2,56.7,128,263,57,102,39,1.5,0.6,0.3,0.2
537,Baton Mars,451,6.6,3.6,2.6,1,18.2,68.9,186,192,95,110,32,1.2,0.7,0.2,0.2
538,Baton Milky Way,448,6.1,3.6,2.6,1,16.2,71.8,242,145,90,84,21,1.1,0.5,0.1,0.25
539,Baton Snickers,497,5.2,9.7,2.2,7.5,28.9,52.6,359,312,98,186,72,1.3,1.3,0.4,0.25
540,Baton Twix,483,4.2,5.3,3.5,1.8,23.2,64.2,170,159,109,96,24,1.3,0.5,0.2,0.22
541,Czekolada deserowa,531,0.5,5.3,0,5.3,28.9,64,3,456,33,191,129,1.7,1.91,0.13,0.6
542,Czekolada gorzka,554,0.6,6.7,0,6.7,34.3,56.6,4,581,42,244,165,2.1,2.43,0.16,0.77
543,Czekolada kawowa,526,0.9,5.5,0,5.5,29,62.7,5,498,36,194,134,1.8,1.91,0.15,0.6
544,Czekolada mleczna,549,0.4,9.8,7,2.8,32.8,54.7,95,607,294,302,97,1.2,1.83,0.13,0.38
545,Czekolada mleczna z orzechami laskowymi,539,1.2,8.6,7.4,1.2,30.9,57.3,100,474,300,248,54,0.7,1.24,0.12,0.25
546,Czekolada nadziewana,450,8.5,3.9,1.9,2,17.6,68.8,25,226,58,142,70,3.7,1.18,0.49,0.62
547,Czekolada smietankowa z orzechami laskowymi,585,1.4,8.6,4.1,4.5,42.3,45.7,90,497,222,273,81,1.4,1.63,0.32,1.06
548,Czekolada biala,578,1.1,7.7,7.7,0,38.4,51,105,409,304,220,32,0.4,0.93,0.08,0.05
549,Delicje szampanskie,327,31.3,4.1,1.5,2.6,11.2,52.8,133,347,36,89,33,1.9,0.42,0.12,0.13
550,Herbatniki,437,3,8.2,1.2,7,11,76.8,297,123,35,157,29,1.3,0.69,0.25,0.61
551,Herbatniki Corso,440,10.3,5,0.8,4.2,17.2,67.1,111,144,27,60,13,1.1,0.53,0.1,0.21
552,Herbatniki z cukrem,460,5.1,6.7,0.6,6.1,17.2,70.7,130,97,38,86,13,0.9,0.69,0.09,0.26
553,Herbatniki z czekolada,493,6.9,5.9,0.7,5.2,25.5,61.2,134,240,44,96,26,1.5,0.62,0.11,0.23
554,Herbatniki w czekoladzie,489,6,6.3,0.4,5.9,24,63.1,134,426,44,116,44,2.5,0.68,0.16,0.26
555,Herbatniki w czekoladzie z orzechami,492,5.1,6,0.7,5.3,23.7,64.7,140,279,52,105,30,1.7,0.67,0.12,0.24
556,Herbatniki kakaowe,474,7.3,6.9,1.1,5.8,22.3,62.9,137,182,50,116,31,1.3,0.94,0.25,0.33
557,Herbatniki kokosowe,473,7.9,6.4,1.1,5.3,25.2,59.8,141,192,49,105,25,1.3,0.72,0.15,0.48
558,Herbatniki z nadzieniem czekoladowym,497,8.7,5.5,1.2,4.3,27.9,57.3,128,188,68,107,30,1.1,0.77,0.22,0.34
559,Herbatniki z nadzieniem owocowym,390,21.1,3.8,0.5,3.3,16.1,58.6,120,180,37,56,14,1.3,0.42,0.11,0.19
560,Herbatniki sezamowe,503,6.9,8.1,0.6,7.5,28.6,55.7,133,128,53,175,61,1.5,0.89,0.24,0.38
561,Markizy,483,6.7,5.6,1.2,4.4,23,64.3,129,113,56,82,13,0.7,0.58,0.07,0.19
562,Paluszki z kminkiem,489,11.1,16.5,11.1,5.4,30.5,38.9,894,223,77,242,32,3.4,2.16,0.15,0.3
563,Pierniki alpejskie,367,19.3,4,0,4,9.7,66.3,174,382,95,116,37,2.7,0.52,0.18,0.56
564,Pierniki beskidzkie,338,17.4,3.5,0.2,3.3,1.6,77.3,193,62,98,98,8,0.6,0.37,0.06,0.22
565,"Solinki, paluszki",385,6,9.9,0.3,9.6,4.9,75.2,1093,141,24,161,8,1.7,0.53,0.16,0.4
566,Wafle nadziewane,519,1.9,8.3,4,4.3,27.5,60.7,111,163,86,125,19,0.8,0.62,0.06,0.37
567,Wafle w czekoladzie,553,1.7,7.4,3,4.3,33.9,55.6,91,645,138,183,67,2.8,0.95,0.26,0.26
568,Sezamki,505,1.7,10.2,0,10.2,26.4,60.1,84,171,51,342,167,2.6,1.24,0.58,0.63
569,Babka biszkoptowa,340,19.9,8.2,4.8,3.4,4.3,67.1,56,101,27,114,12,1.3,1.01,0.07,0.17
570,Buleczki drozdzowe z jablkami,268,39.9,5.9,1.9,4,7.3,46.2,103,159,29,79,14,1,0.72,0.08,0.23
571,Ciasto drozdzowe,290,35.9,7.4,2.4,5,8.2,47.7,139,132,36,96,16,1.1,0.84,0.08,0.26
572,Ciasto kruche podstawowe,429,20.8,5.2,0.8,4.4,23.8,49.9,26,74,14,55,10,0.7,0.52,0.07,0.19
573,Ciastka francuskie ze sliwkami,432,22.6,5,0.7,4.3,26.8,44.8,160,147,20,58,13,0.9,0.52,0.1,0.21
574,Ciastka Karpatki,449,24.9,4.7,3,1.7,30.9,39.1,64,60,19,66,7,0.8,0.58,0.04,0.09
575,Ciastka Napoleonki,348,32.8,5.9,2.9,3,17,43.6,131,111,55,87,12,0.8,0.64,0.06,0.14
576,Ciastka tortowe z owocami swiezymi,276,40.1,3.2,1.6,1.6,9,47.2,27,133,24,53,10,1,0.46,0.09,0.28
577,Eklery z bita smietana,317,42.2,5.8,4.3,1.5,18,33.5,60,104,44,93,10,1,0.73,0.05,0.08
578,Jagodzianki,314,26.1,7.1,2.1,5,5.4,60.6,137,129,36,90,15,1.2,0.86,0.1,0.41
579,Keks bakaliowy,384,21.5,6.4,2.5,3.9,17.6,53.5,47,343,61,119,35,1.6,0.84,0.19,0.28
580,Piernik z bakaliami,341,24.1,5.9,0.6,5.3,9.8,59.4,126,272,41,103,40,1.6,0.87,0.28,0.35
581,Placek z kruszonka,344,25.4,7.1,2,5.1,10.3,56.7,35,125,39,90,15,1,0.77,0.08,0.25
582,Ptysie z bita smietana,347,43.2,5.4,4.2,1.2,25,25.8,60,108,65,96,11,0.7,0.67,0.04,0.06
583,Rolada z masa makowa,340,28.8,9.2,3.7,5.5,15.8,44.5,51,349,240,276,102,2.7,1.5,0.29,0.82
584,Rozki z ciasta francuskiego z jablkami,392,30.8,4.7,0.5,4.2,25.3,38.5,149,116,14,50,11,0.8,0.51,0.07,0.2
585,Sernik bez ciasta,361,31.1,13.5,12.6,0.9,18.3,36.2,64,150,69,183,12,0.8,0.99,0.07,0.09
586,Sernik krakowski,325,34.2,13.8,12.1,1.7,13.4,37.7,85,132,89,181,13,0.6,0.98,0.05,0.1
587,Sernik z rodzynkami,333,32,13.9,12.1,1.8,13.4,39.7,86,156,91,184,14,0.6,0.99,0.06,0.11
588,Sernik wiedenski z polewa kakaowa,305,40.5,12.5,10.7,1.8,14.5,31.5,95,175,53,190,23,1.8,1.5,0.16,0.15
589,Tort ananasowy,307,36.1,4.4,3,1.4,10.8,48.3,56,76,19,67,9,0.8,0.59,0.04,0.19
590,"Herbata, napar bez cukru",0,99.9,0.1,0,0.1,0,0,11,16,5,1,2,0.1,0.07,0,0.34
591,"Kawa, napar bez cukru",2,99.4,0.2,0,0.2,0,0.3,14,126,9,11,12,0.2,0.07,0.05,0.05
592,Sok ananasowy,48,88,0.3,0,0.3,0.1,11.4,1,134,17,8,13,0.3,0.11,0.09,0.7
593,Sok z czarnej porzeczki,53,86.8,0.3,0,0.3,0.1,12.7,1,60,14,6,5,1,0.03,0.02,0.14
594,Sok cytrynowy,30,92.5,0.4,0,0.4,0.3,6.4,1,102,11,9,8,0.1,0.06,0.03,0.01
595,Sok grejpfrutowy,40,90,0.5,0,0.5,0.1,9.2,1,102,11,9,8,0.1,0.1,0.04,0.01
596,Sok jablkowy,42,89.6,0.1,0,0.1,0.1,10,2,110,9,6,5,0.2,0.12,0.02,0.02
597,Sok marchwiowy,43,88.1,0.4,0,0.4,0.1,11.3,29,99,13,11,6,0.2,0.12,0.04,0.07
598,Sok marchwiowo-brzoskwiniowy,43,87.9,0.5,0,0.5,0.1,11.3,21,111,11,13,6,0.2,0.11,0.04,0.07
599,Sok marchwiowo-jablkowy,46,86.6,0.5,0,0.5,0.3,12.3,30,163,15,16,7,0.3,0.2,0.05,0.11
600,Sok marchwiowo-jablkowo-pomaranczowy,44,87.1,0.6,0,0.6,0.2,11.8,26,153,18,16,8,0.3,0.17,0.05,0.08
601,Sok marchwiowo-pomaranczowy,40,88.2,0.6,0,0.6,0.1,10.8,26,149,22,18,9,0.3,0.16,0.06,0.07
602,"Sok z marchwi, jablek i owocow tropikalnych",52,84.6,0.7,0,0.7,0.3,14,27,208,17,19,11,0.4,0.21,0.07,0.14
603,Sok pomaranczowy,43,89,0.6,0,0.6,0.1,9.9,2,175,8,14,11,0.4,0.04,0.02,0.03
604,Sok pomidorowy,13,95.5,0.8,0,0.8,0.1,2.6,126,206,8,13,7,0.3,0.22,0.05,0.05
605,Sok wielowarzywny,25,91.8,1,0,1,0.3,5.7,312,190,16,20,12,0.5,0.23,0.04,0.1
606,"Coca Cola, Pepsi Cola",42,89.4,0,0,0,0,10.4,14,2,8,15,2,0,0.01,0,0.01
607,Napoje gazowane o smaku owocowym,42,89.7,0,0,0,0,10.3,8,27,7,2,7,0,0,0,0
608,Lemoniada,24,94.2,0,0,0,0,5.8,7,15,5,0,1,0,0,0,0
609,Piwo pelne 10-15%,49,91,0.5,0,0.5,0,3.8,3,26,6,26,9,0.1,0,0,0.03
610,Szampan,76,88.4,0.3,0,0.3,0,1.4,4,57,3,7,6,0.5,0,0.01,0
611,Wermut slodki,155,71.1,0,0,0,0,15.9,28,30,6,6,4,0.4,0,0.04,0
612,Wino biale polwytrawne,81,86.6,0,0,0,0,3.7,3,70,10,7,4,1.8,0.03,0.02,0.06
613,Wino biale slodkie,95,83.5,0.2,0,0.2,0,5.9,13,110,14,13,11,0.6,0,0.05,0.1
614,Wino biale wytrawne,66,90.2,0.1,0,0.1,0,0.6,4,61,9,6,8,0.5,0,0.01,0.1
615,Wino czerwone,68,89.9,0.1,0,0.1,0,0.2,7,110,7,13,11,0.9,0.1,0.06,0.1
616,Wodki,220,68.3,0,0,0,0,0,0,0,0,0,0,0,0,0,0
617,"Drozdze piekarskie, prasowane",92,70.6,11.3,11.3,0,2,14.5,41,592,30,272,61,5,2.79,0.09,1.01
618,Chipsy bekonowe,537,0.9,5.9,0,5.9,38,52.2,746,828,31,118,45,1.7,0.73,0.23,0.23
619,Chipsy paprykowe,549,0.7,6,0,6,40,50.4,859,893,34,114,48,1.6,0.65,0.23,0.27
620,Chipsy solone,552,1.2,5.6,0,5.6,40.7,49.9,690,801,18,89,43,1.7,0.76,0.29,0.24
621,Przyprawa Jarzynka,90,19,1.9,0,1.9,0.4,23.3,23982,354,74,59,180,1.5,0.52,0.23,0.41
622,Majonez domowy z olejem rzepakowym,714,15.9,1.3,1,0.3,79,2.6,396,15,14,44,9,0.5,0.25,0.05,0.02
623,Majonez domowy z olejem slonecznikowym,714,15.9,1.3,1,0.3,79,2.6,396,15,14,44,9,0.6,0.25,0.03,0.02
624,Musztarda,162,62.9,5.7,0,5.7,6.4,22,760,165,95,170,117,1.8,0.7,0.09,0.36
625,Sol biala,0,0.5,0,0,0,0,0,38850,0,29,8,290,0.2,0.08,0.16,0.14
626,zelatyna,343,14,84.2,84.2,0,0.1,0,32,22,11,0,11,0,0,0,0
627,Barszcz czerwony zabielany,32,92.5,2,1.6,0.4,1.4,3.3,39,86,16,19,5,0.5,0.23,0.03,0.09
628,Barszcz ukrainski I,36,89.6,1.9,0.8,1.1,0.6,6.9,60,206,26,25,12,0.8,0.29,0.06,0.17
629,Barszcz ukrainski II,53,87.9,2.1,0.8,1.3,2.7,6.5,29,175,23,35,13,0.6,0.33,0.05,0.15
630,Barszcz z bocwina,29,93.8,1.5,1.1,0.4,1.7,2.5,25,74,17,18,5,0.4,0.21,0.02,0.05
631,Kapusniak z kapusty kwaszonej,22,94.9,1.4,1.1,0.3,1.2,1.6,59,48,8,9,2,0.2,0.11,0.01,0.03
632,Kapusniak ze slodkiej kapusty,31,93.7,0.7,0.2,0.5,2.1,3.2,11,87,20,15,5,0.2,0.13,0.02,0.06
633,Krem z zielonego groszku,64,86.5,3.1,1.2,1.9,3.8,5.9,21,115,19,52,9,0.7,0.48,0.09,0.18
634,Krupnik z kaszy gryczanej,43,89.2,1.7,0.6,1.1,1.2,7.2,24,150,9,37,16,0.4,0.28,0.05,0.15
635,Krupnik z kaszy jeczmiennej I,40,89.5,1.5,0.6,0.9,0.9,7.4,23,143,9,27,9,0.3,0.18,0.04,0.1
636,Krupnik z kaszy jeczmiennej II,44,89.3,1.3,0.6,0.7,1.2,7.6,15,114,3,24,8,0.3,0.14,0.03,0.08
637,Krupnik z ryzu,43,89.1,1.5,0.6,0.9,1.1,7.6,24,137,8,24,8,0.3,0.21,0.04,0.11
638,Zupa cebulowa,44,91.4,1.4,0.8,0.6,2.7,4,35,41,12,14,4,0.2,0.12,0.02,0.06
639,Zupa cytrynowa z ryzem,58,87.2,1.4,0.6,0.8,2.2,8.7,24,49,7,19,4,0.2,0.21,0.03,0.11
640,Zupa fasolowa,63,83.3,4,0.6,3.4,1.8,10,17,193,27,70,27,1.1,0.61,0.08,0.31
641,Zupa grochowa,66,83.5,4.4,0.9,3.5,2.4,8.9,21,148,9,61,19,0.8,0.67,0.07,0.3
642,Zupa grzybowa zabielana,26,95,1.3,1,0.3,1.8,1.3,23,43,9,20,3,0.2,0.09,0.03,0.02
643,Zupa jarzynowa,28,92.4,1.4,0.6,0.8,1.1,4.3,79,133,18,20,9,0.5,0.19,0.05,0.1
644,Zupa jarzynowa ze smietana,43,89.5,1.7,0.8,0.9,1.8,6.2,28,177,17,28,10,0.4,0.21,0.04,0.1
645,Zupa kalafiorowa I,27,92.3,1.6,0.7,0.9,0.5,4.9,27,130,15,22,8,0.3,0.17,0.04,0.09
646,Zupa kalafiorowa II,34,93,1.8,1.1,0.7,2.3,2.1,33,68,10,14,4,0.2,0.11,0.01,0.06
647,Zupa ogorkowa,42,90.8,1.4,0.8,0.6,2,5,84,112,9,20,10,0.2,0.18,0.03,0.05
648,Zupa owocowa z jablek,42,89.1,0.1,0,0.1,0.1,10.6,1,38,2,3,1,0.1,0.05,0.01,0.03
649,Zupa pomidorowa,11,96.3,1,0.6,0.4,0.1,2.1,22,85,9,10,5,0.3,0.11,0.02,0.04
650,Zupa pomidorowa z makaronem,35,92.7,1.5,1.1,0.4,1.8,3.3,26,54,10,12,4,0.2,0.1,0.01,0.03
651,Zupa pomidorowa z ryzem,37,92.1,1.5,1,0.5,1.8,3.9,25,54,10,13,3,0.2,0.13,0.01,0.05
652,Zupa pomidorowa zabielana I,17,95.3,1.2,0.8,0.4,0.6,2.3,24,92,15,14,5,0.3,0.13,0.02,0.04
653,Zupa pomidorowa zabielana II,28,94.3,1.3,1,0.3,1.8,1.9,25,51,10,10,3,0.2,0.09,0.01,0.02
654,Zupa selerowa,38,91.3,1.6,1,0.6,1.8,4.5,35,121,13,25,7,0.2,0.17,0.02,0.06
655,Zupa selerowa z grzankami,51,87.5,1.8,0.6,1.2,1.9,8.1,75,104,15,28,8,0.4,0.24,0.04,0.1
656,Zupa szczawiowa,40,92.3,1.6,1.4,0.2,2.5,2.9,30,62,31,22,4,0.2,0.15,0.01,0.04
657,Zupa szpinakowa z ziemniakami,40,89.4,2.2,1.2,1,0.9,6.6,33,180,39,38,16,0.6,0.28,0.05,0.1
658,Zupa z fasoli szparagowej,43,87.2,2.2,0.8,1.4,0.6,8.9,124,233,31,37,15,0.9,0.31,0.08,0.16
659,Zupa z porow z makaronem,58,85.2,2.4,0.7,1.7,1.4,10.3,30,122,20,32,9,0.5,0.31,0.06,0.13
660,Zupa z zielonego groszku,57,83.4,3.2,0.7,2.5,1.2,11.2,97,191,24,50,19,0.9,0.49,0.1,0.25
661,Zupa ziemniaczana,38,90.2,1.4,0.6,0.8,1.1,6.6,24,177,8,25,10,0.3,0.18,0.05,0.09
662,Zupa ziemniaczana ze smietana,47,89.4,1.5,0.8,0.7,1.9,6.5,22,151,9,24,8,0.2,0.15,0.03,0.06
663,zurek,124,70.6,2.2,0.2,2,3.1,23.5,7,276,13,52,17,0.5,0.38,0.07,0.22
664,Zupa neapolitanska,63,86.7,2.2,1.1,1.1,2.6,8.2,38,42,36,31,5,0.2,0.28,0.02,0.06
665,Kasza manna na wywarze jarzynowym,21,95.2,0.5,0,0.5,0.8,3.4,5,30,4,8,2,0.1,0.07,0.01,0.03
666,Kasza jeczmienna na mleku,63,86.2,2.6,2.1,0.5,2.2,8.5,29,109,78,70,11,0.2,0.27,0.03,0.07
667,Kasza manna na mleku,66,85.4,2.7,2.1,0.6,2.1,9.3,28,96,76,60,9,0.1,0.26,0.02,0.04
668,Kluski lane na mleku,69,85.8,3.6,3.2,0.4,3.1,6.8,43,129,104,83,11,0.2,0.37,0.02,0.03
669,Makaron na mleku,66,85.8,2.9,2.2,0.7,2.3,8.5,30,102,78,64,10,0.2,0.28,0.02,0.05
670,Platki owsiane na mleku,62,86.3,2.7,1.7,1,2.3,8.2,24,106,68,81,17,0.4,0.42,0.06,0.35
671,Ryz na mleku,66,85.6,2.7,2.2,0.5,2.1,9.1,29,99,77,65,9,0.1,0.34,0.03,0.09
672,Dorsz w jarzynach,117,74,15.6,14.9,0.7,4.9,3.9,109,439,23,149,33,0.8,0.58,0.09,0.11
673,Filety z dorsza po grecku,152,72.8,10.6,9.7,0.9,10.8,4.6,70,338,19,103,25,0.7,0.44,0.08,0.09
674,"Filety z dorsza smazone, panierowane",273,48.8,19.1,17.3,1.8,15.8,14.6,167,404,15,186,36,1.1,0.85,0.1,0.17
675,Karp w galarecie (z warzywami),136,67.6,26.1,25.7,0.4,2.9,2.1,97,295,20,138,16,0.7,0.75,0.08,0.1
676,Karp z wody (bez warzyw),102,77.1,16,15.6,0.4,3.7,2,41,414,21,199,16,0.8,0.9,0.12,0.11
677,Kotlet mielony z dorsza,259,54.9,14.9,13.6,1.3,17.8,10.9,144,333,28,149,29,0.8,0.65,0.08,0.12
678,Pulpety z dorsza,112,73,14.2,13,1.2,2.6,8.8,131,348,17,140,28,0.9,0.64,0.08,0.12
679,Dorsz z rusztu,172,66.7,22.1,22,0.1,9.1,0.6,91,461,17,231,33,0.6,0.65,0.08,0.03
680,losos smazony saute,380,42.3,21.1,20.6,0.5,31.4,4.1,53,391,15,279,31,1.1,0.86,0.07,0.03
681,losos z rusztu,283,55.3,20.7,20.6,0.1,22.3,0.6,54,403,19,278,32,1.2,0.85,0.08,0.03
682,Cielecina w potrawce,103,77.6,13.5,12.9,0.6,4,4,60,262,15,137,16,1.2,2.12,0.18,0.08
683,Klopsiki cielece mielone,250,53.6,16.2,14.7,1.5,14.6,14.3,145,286,57,185,23,1.5,2.41,0.2,0.14
684,Kotlet cielecy panierowany,364,32.6,27.1,24.9,2.1,21.3,17.4,206,526,23,288,27,4.1,2.93,0.35,0.24
685,Pieczen cieleca duszona,192,65.3,20.1,19.9,0.2,11.8,1.7,89,406,13,201,16,2.9,2.08,0.26,0.04
686,Kotlet mielony z kury,382,36.8,19.9,18.3,1.6,27.8,14.3,157,342,42,207,25,2.1,1.68,0.09,0.15
687,Kura w galarecie,192,61.7,27.3,27.1,0.2,8.9,1.2,65,238,14,107,17,1.1,0.92,0.05,0.06
688,Kurczak gotowany w jarzynach,99,80.8,7.6,6.7,0.9,6.4,4.6,45,235,25,88,16,0.8,0.71,0.06,0.12
689,Kurczeta pieczone,179,70,16.4,16.3,0.1,12.7,0.1,61,276,12,165,18,1.1,1.2,0.05,0.04
690,Potrawka z kurczaka,148,72.3,13.2,12.5,0.7,9,4.7,56,278,16,140,18,1,1.03,0.06,0.1
691,Kotlety z kurczaka smazone saute,241,59.1,20.3,19.9,0.4,16.5,3.3,51,361,6,225,31,0.4,0.48,0.01,0.02
692,Kotlety z kurczaka smazone panierowane,247,56.1,19.7,18.8,0.9,15.7,7.6,107,349,12,232,32,0.7,0.72,0.03,0.11
693,Bitki wieprzowe,195,70.3,10.4,10.1,0.3,16.1,2.6,36,177,4,102,12,0.7,1.99,0.03,0.02
694,Bitki wieprzowe w jarzynach,199,68.3,10.7,10.1,0.6,16,4.3,51,239,12,115,16,0.9,2.1,0.05,0.07
695,Galaretka z nozek wieprzowych,202,66.8,16.9,16.7,0.2,14.9,0.8,121,121,21,82,10,1.6,1.98,0.26,0.06
696,Kotlet schabowy panierowany,351,40,19,17.1,2,24.1,15.9,111,308,20,202,26,1.3,1.87,0.09,0.19
697,Wieprzowina pieczona,278,59.3,15.4,15.4,0,24.4,0,55,264,5,153,18,1.1,3.01,0.04,0.02
698,Pieczen wieprzowa duszona,225,66.9,11.4,11.2,0.2,19.8,1.2,37,203,6,113,14,0.8,2.23,0.04,0.03
699,Rolada wieprzowa,412,35,21.1,19.9,1.2,32.5,10,133,356,12,214,26,1.6,3.97,0.07,0.08
700,Schab pieczony I,317,45.2,32.2,32.2,0,21.1,0,73,526,24,319,37,1.5,2.96,0.09,0.06
701,Schab pieczony II,291,48.7,30.4,30.2,0.2,18.7,0.7,61,507,24,301,35,1.5,2.8,0.1,0.08
702,Stek wieprzowy,472,33,21.7,21.5,0.2,42.7,1.5,84,382,25,223,23,1.8,4.16,0.11,0.07
703,Watrobka wieprzowa saute,239,57.7,20.5,20.1,0.4,15.5,4.9,77,305,14,334,22,17.1,4.16,0.59,0.24
704,Wieprzowina gotowana,364,42.8,22.6,22,0.6,30,3.1,95,491,21,237,33,1.8,4.49,0.09,0.13
705,zeberka duszone wieprzowe,210,70.3,7.9,7.6,0.3,19.2,2.2,32,138,16,81,9,0.7,1.46,0.04,0.04
706,Befsztyk bity wiejski,258,58.3,19.4,19.1,0.3,19.6,1.6,40,372,19,208,25,3.3,3.21,0.1,0.04
707,Bitki wolowe,103,79.1,13.6,13.3,0.3,4.3,2.4,53,242,3,132,16,1.5,2.41,0.05,0.03
708,Bitki wolowe w jarzynach,116,73.8,14.3,13.3,1,4.4,6.6,87,389,21,154,25,1.8,2.61,0.1,0.17
709,Boeuf Strogonow,219,61.5,19.5,19,0.5,14.3,3.7,60,341,21,178,23,2.2,2.51,0.07,0.03
710,Bryzol wolowy z poledwicy,252,56.2,24.6,24.5,0.1,16.6,1.4,63,467,6,259,32,3.8,3.57,0.13,0.05
711,Gulasz wolowy,148,73.5,14,13.6,0.4,9.2,2.6,53,267,6,137,18,1.6,2.5,0.07,0.06
712,Poledwica wolowa pieczona,168,69.4,19.7,19.7,0,9.9,0,61,376,5,208,26,3,2.88,0.1,0.04
713,Pieczen wolowa duszona,156,71.9,15.8,15.5,0.3,9.5,2,58,286,4,154,19,1.8,2.81,0.07,0.04
714,Sztuka miesa I,247,49.1,33.9,33.2,0.7,11.4,3.8,127,675,32,316,43,4,4.5,0.14,0.14
715,Sztuka miesa II,223,54.2,30.6,30,0.6,10.3,3.2,107,592,31,283,38,3.6,4.04,0.11,0.12
716,Zrazy wolowe zawijane ze slonina,145,74.7,12.1,11.6,0.5,9.4,3.2,45,222,4,118,15,1.4,2.13,0.05,0.05
717,Klopsiki mielone z miesa mieszanego,272,52.2,13.5,11.7,1.8,17.5,15.9,113,234,10,137,18,1.3,2.36,0.07,0.1
718,Kotlet mielony z miesa mieszanego,284,53.3,13,11.7,1.3,21.1,11.8,108,232,10,138,19,1.3,2.37,0.07,0.13
719,Pasztet z miesa mieszanego,361,46.3,15,14.2,0.8,31.1,6.6,94,240,14,178,17,4.2,2.57,0.2,0.1
720,Pieczen rzymska,208,60.6,14.4,12.9,1.5,11.4,12.7,136,250,9,150,20,1.5,2.56,0.07,0.13
721,Pulpety z miesa mieszanego,223,55.5,18.7,16.9,1.8,11.1,13.4,155,396,20,199,28,2.1,3.37,0.1,0.17
722,Medaliony z indyka,247,58.8,18.6,18.2,0.4,17.9,3.4,45,442,3,230,34,0.5,0.83,0.04,0.03
723,Bigos popularny,119,80,5.1,4.2,0.9,9.9,3.9,170,193,28,55,10,0.6,0.87,0.04,0.1
724,Fasolka po bretonsku,141,68.4,8,3,5,6.6,15.9,152,332,41,128,42,1.9,1.29,0.13,0.47
725,Golabki z miesem i ryzem w sosie pomidorowym,108,79,3.6,2.1,1.5,6.7,10,20,200,38,51,11,0.4,0.72,0.04,0.2
726,Papryka nadziewana miesem i ryzem,160,70.6,4.4,2.7,1.7,10.6,13.7,16,239,16,64,12,0.7,0.9,0.08,0.19
727,Risotto z miesem i warzywami,185,64.5,6.6,5,1.6,10,18.3,33,169,18,89,12,0.6,1.38,0.07,0.27
728,Mizeria ze smietana,33,93.5,1,0.5,0.5,2.2,2.8,15,112,30,30,8,0.2,0.22,0.08,0.06
729,"Salata zielona z pomidorem, ogorkiem i olejem",56,90.2,0.9,0,0.9,4.7,3.6,6,152,15,18,7,0.5,0.29,0.05,0.15
730,Salata zielona z olejem,111,84.6,1,0,1,11.6,2.1,3,99,18,15,7,0.5,0.32,0.03,0.21
731,Salata zielona ze smietana,41,91,1.4,0.5,0.9,2.3,4.5,10,113,35,28,8,0.5,0.35,0.03,0.19
732,Surowka z cykorii i jablek,161,78.3,1,0.2,0.8,16.4,3.8,4,130,17,24,7,0.6,0.18,0.09,0.18
733,Surowka z kapusty bialej,67,85.9,1.6,0,1.6,4.7,7,17,204,59,29,12,0.3,0.29,0.03,0.21
734,Surowka z kapusty kwaszonej,68,85.4,0.9,0,0.9,4.7,7.5,176,174,27,15,6,0.4,0.21,0.04,0.12
735,Surowka z marchwi,47,88.5,1.1,0.5,0.6,2.3,7.7,51,199,39,33,11,0.3,0.27,0.07,0.12
736,Surowka z marchwi i jablek,59,81.7,1,0,1,0.3,16.6,70,287,32,30,15,0.5,0.35,0.1,0.19
737,Surowka z ogorkow i pomidorow,32,93,1.1,0.4,0.7,1.8,3.6,14,157,27,28,8,0.3,0.25,0.08,0.08
738,Surowka z owocow,103,73,0.5,0,0.5,0.3,25.9,2,149,11,14,6,0.4,0.13,0.07,0.08
739,Surowka z owocow i warzyw,148,79,1.1,0.4,0.7,14.3,5.1,8,141,12,19,6,0.5,0.26,0.04,0.1
740,Surowka z papryki,91,84.7,1,0,1,7.5,6.3,6,201,15,23,9,0.5,0.23,0.08,0.09
741,Surowka z pomidorow,14,95.4,0.8,0,0.8,0.2,3.2,7,253,8,19,7,0.4,0.23,0.05,0.05
742,Surowka z porow z jablkami,141,77.2,1.7,0.2,1.5,12.5,7.9,5,190,34,42,8,0.9,0.52,0.1,0.13
743,Surowka z rzodkiewki,93,82.5,7.5,6.9,0.6,5.9,3.5,25,147,67,101,9,0.4,0.51,0.03,0.08
744,Surowka z selerow,92,81.8,1.1,0,1.1,7.5,8.9,58,236,27,55,13,0.4,0.4,0.04,0.15
745,"Surowka z selerow, jablek i marchwi",60,81.7,0.9,0,0.9,0.4,16.5,44,240,22,35,11,0.4,0.34,0.06,0.15
746,"Surowka z kapusty pekinskiej, jablek, papryki z olejem",53,88.5,1.1,0,1.1,3.8,5.7,7,172,35,33,13,0.4,0.28,0.05,0.14
747,Surowka z kapusty pekinskiej z majonezem,94,83.3,1.6,0.3,1.3,8.1,6,29,169,44,43,17,0.4,0.34,0.05,0.16
748,Surowka wielowarzywna z jogurtem naturalnym,35,90,1.7,0.8,0.9,0.6,7,17,222,45,43,12,0.5,0.31,0.08,0.09
749,Brukselka z wody,110,75.6,4.2,0.1,4.1,7.1,12,22,348,49,33,18,0.8,0.76,0.06,0.4
750,Buraki,70,84.2,1.5,0,1.5,3.5,10,46,278,33,14,14,1.4,0.46,0.08,0.35
751,Buraki z jablkami,70,84.1,1.5,0,1.5,3.3,10.3,44,272,32,14,13,1.3,0.45,0.08,0.34
752,Buraki zasmazane,84,83.4,1.6,0,1.6,5.5,8.7,39,265,32,14,13,1.3,0.44,0.08,0.34
753,Buraki ze smietana,68,85,1.8,0.3,1.5,3.6,8.8,46,274,42,22,14,1.3,0.47,0.08,0.33
754,cwikla,40,87.2,1.6,0,1.6,0.1,10.2,42,311,36,19,15,1.4,0.52,0.09,0.37
755,Dynia z pomidorami,44,89.2,1.2,0,1.2,2.4,6.5,5,269,44,34,11,0.7,0.33,0.11,0.05
756,Fasolka szparagowa,97,79.1,2.9,0.1,2.8,6.9,10.3,21,288,71,52,25,1.2,0.7,0.11,0.26
757,Groszek zielony z maslem,100,79.7,3.7,0.1,3.6,6.8,9.3,2,192,13,67,16,1,0.76,0.16,0.34
758,Kalafior z wody,83,85,2,0.1,1.9,6.8,5.5,32,150,11,24,9,0.5,0.2,0.03,0.18
759,Kapusta biala zasmazana,69,85.8,1.6,0.1,1.5,4.7,7.2,16,180,52,28,10,0.3,0.26,0.03,0.18
760,Marchewka z groszkiem I,64,83.9,1.7,0,1.7,3.1,10.8,90,204,31,35,16,0.7,0.38,0.1,0.2
761,Marchewka z groszkiem II,82,82.7,1.9,0.5,1.4,5.5,9.4,87,206,44,42,15,0.6,0.37,0.09,0.18
762,Marchewka zasmazana,69,85.5,1,0.1,0.9,4.8,8.4,66,228,30,28,13,0.4,0.29,0.08,0.16
763,Salatka jarzynowa,192,68.8,2.9,0.2,2.7,16.5,10.9,78,252,27,69,27,1,0.61,0.09,0.28
764,Salatka z groszku zielonego,159,71.8,4,1.2,2.8,13.1,10.4,115,113,31,69,18,1.3,0.69,0.1,0.26
765,Salatka z czerwonej kapusty,83,84.4,1.4,0,1.4,6.5,7,8,211,33,23,9,0.4,0.33,0.07,0.19
766,Szpinak zasmazany,82,82.1,3.7,0.7,3,6.1,6.2,37,283,123,49,60,3.1,0.83,0.11,0.29
767,Salatka jarzynowa z majonezem i jogurtem naturalnym,116,76.7,3.2,0.5,2.7,7.5,11.6,118,269,41,75,29,0.9,0.62,0.09,0.28
768,Pieczarki smazone,232,67.8,3.4,0.1,3.3,24.3,3.3,9,352,16,200,15,1.1,0.58,0.48,0.07
769,Bliny ziemniaczane,257,53.3,5.6,3.3,2.3,16.3,23.6,100,371,59,114,25,1,0.76,0.09,0.2
770,Budyn z miesa i makaronu,171,61.2,10.6,7.7,2.9,4.4,23.1,60,223,44,129,17,1.4,1.08,0.13,0.18
771,Kasza gryczana na sypko z maslem roslinnym,132,67.5,4.5,0,4.5,2.3,25,4,160,9,165,78,1,1.26,0.15,0.73
772,Kasza gryczana na sypko         ze smalcem,139,66.5,4.8,0.3,4.5,3,25,7,164,9,166,79,1,1.27,0.15,0.73
773,Kasza perlowa na sypko z maslem roslinnym,114,71.9,2.2,0,2.2,2,23.6,3,83,6,65,14,0.5,0.29,0.06,0.24
774,Kasza perlowa na sypko               ze smalcem,119,71.4,2.2,0,2.2,2.5,23.6,1,83,6,65,14,0.5,0.29,0.06,0.24
775,Kluski kladzione,165,59.6,5.1,1,4.1,1.3,33.8,12,60,12,46,5,0.7,0.39,0.04,0.12
776,Kluski lane,93,78.8,4.1,2.3,1.8,2,14.9,26,46,12,50,4,0.6,0.43,0.03,0.06
777,Knedle ze sliwkami,162,65,2.7,0.5,2.2,5.9,25.8,13,256,12,46,14,0.6,0.31,0.09,0.14
778,Kopytka,147,62.3,4,0.5,3.5,0.7,32.3,11,342,10,64,19,0.7,0.44,0.09,0.19
779,Kopytka z maslem,151,62.4,3.6,0.2,3.4,1.5,31.8,7,328,9,58,18,0.6,0.38,0.09,0.19
780,Kulebiak,222,59.1,7.6,5.3,2.3,12.7,20.1,28,134,24,84,11,0.8,1.12,0.04,0.1
781,Leniwe pierogi z sera i ziemniakow,220,56.3,12.8,10.9,1.9,10.1,20.1,39,154,58,157,12,0.5,0.8,0.05,0.1
782,Leniwe pierogi z sera,242,55.8,14.5,13.5,1,13.9,15.1,62,101,68,180,9,0.5,0.93,0.04,0.06
783,Makaron z maslem,126,70,3.6,0.4,3.2,1.8,24.4,5,55,8,40,9,0.4,0.31,0.05,0.16
784,Makaron,107,73.6,3.3,0.4,2.9,0.7,22.3,5,50,7,37,8,0.4,0.28,0.04,0.15
785,Makaron z serem,140,70.7,6.3,4.2,2.1,5.2,17.5,12,51,25,67,4,0.3,0.37,0.03,0.06
786,Nalesniki z kapusta,147,71.6,3.2,0.8,2.4,9.2,15.2,24,207,67,49,13,0.5,0.41,0.04,0.21
787,Nalesniki z serem,242,51.6,10.1,8.7,1.4,10.3,27.4,39,94,60,129,8,0.5,0.71,0.04,0.06
788,Pierogi ruskie,167,63.2,5.6,2.7,2.9,5,25.7,11,218,19,72,13,0.5,0.42,0.06,0.13
789,Pierogi z miesem I,146,68,7.1,4.6,2.5,4.1,20.5,33,104,8,62,8,0.8,0.76,0.04,0.08
790,Pierogi z miesem II,219,58.6,12,9.9,2.1,11.6,17.3,37,185,11,109,13,1.4,1.4,0.05,0.07
791,Pierogi z serem I,237,50.2,11.2,8.5,2.7,8.4,29.7,29,86,48,127,8,0.5,0.66,0.04,0.09
792,Pierogi z serem II,238,51.9,10.9,8.8,2.1,9.9,26.8,23,79,50,137,7,0.6,0.71,0.04,0.07
793,Pierogi z truskawkami,240,52,3.8,0.4,3.4,11.4,32.3,31,99,19,43,9,0.8,0.32,0.08,0.22
794,Risotto z miesem,229,56.1,7.4,5.2,2.2,11.8,24.2,25,145,7,94,12,0.6,1.09,0.07,0.32
795,Ryz na sypko z maslem roslinnym,135,67.4,2.4,0,2.4,1.5,28.4,4,40,4,49,5,0.3,0.62,0.06,0.36
796,Ryz na sypko ze smalcem,124,70.8,2.1,0,2.1,2,24.9,2,35,3,43,4,0.3,0.55,0.05,0.32
797,Ryz z jablkami,153,63.2,2,0.5,1.5,2.1,32.3,13,93,21,43,6,0.3,0.46,0.05,0.24
798,Ziemniaki puree,90,77.2,2.1,0.2,1.9,1.4,18.4,10,446,12,61,23,0.5,0.35,0.1,0.18
799,Ziemniaki z tluszczem,105,75.3,2,0,2,3.1,18.7,12,454,4,58,24,0.5,0.34,0.1,0.19
800,Pyzy,210,50.9,3.7,0.2,3.5,6.2,37.4,14,897,8,113,42,1.1,0.65,0.26,0.33
801,Pyzy z miesem,292,40.4,7.8,3.8,4,14,36.2,37,714,11,132,40,1.2,1.34,0.17,0.34
802,Placki ziemniaczane,231,57.2,3.6,1.1,2.5,14.5,23.6,20,503,21,84,28,0.8,0.54,0.13,0.23
803,Makaron zapiekany z kapusta slodka,138,69.2,3.6,0.3,3.3,5.2,21.3,16,187,49,48,15,0.5,0.42,0.06,0.27
804,Kluski slaskie,169,60.6,2.6,0.4,2.2,3.8,32.1,16,377,12,66,22,0.6,0.38,0.09,0.2
805,Kotlety ziemniaczane,241,52.5,4.3,1,3.3,12.8,29.3,37,506,13,91,29,0.9,0.65,0.14,0.28
806,lazanki z kapusta,147,70.1,3.5,0.8,2.7,7,18.9,17,131,33,45,10,0.6,0.43,0.04,0.18
807,Ciasto nalesnikowe biszkoptowe,186,59.7,8.2,5.5,2.7,5.9,25.5,65,145,74,129,15,1.1,0.96,0.06,0.13
808,Ciasto nalesnikowe bez piany,174,60.9,5.9,2.5,3.4,4.3,28.4,31,111,52,84,12,0.7,0.63,0.06,0.15
809,Jaja sadzone,168,74.5,9.9,9.9,0,14.2,0.6,111,105,38,161,9,1.7,1.38,0.05,0.02
810,Jajecznica,119,80.2,9.8,9.8,0,8.7,0.5,111,104,37,160,9,1.7,1.38,0.05,0.02
811,Kotlety z jaj,275,57.8,7.9,6.7,1.2,22.7,10.8,143,112,49,129,12,1.3,1.05,0.05,0.1
812,Omlet biszkoptowy                         ze szpinakiem,137,73.4,5.8,2.7,3.1,9.7,9.4,53,247,98,76,50,3,1.02,0.11,0.25
813,Jaja gotowane,109,81.3,9.8,9.8,0,7.6,0.5,110,104,37,160,9,1.7,1.38,0.05,0.02
814,Buchty drozdzowe,303,36.8,6.2,2.2,4,11,45.6,32,101,44,91,9,1,0.61,0.05,0.14
815,Gruszki w sosie waniliowym,152,62.1,1.6,1.2,0.4,1.1,34.8,15,112,36,39,8,0.3,0.25,0.05,0.05
816,Jablko pieczone,93,77.1,0.3,0,0.3,1.6,20.8,2,105,3,7,2,0.2,0.13,0.03,0.06
817,Jablka w kruchym ciescie,347,32.9,4.1,0.9,3.2,17.4,45.3,36,109,13,41,6,0.7,0.39,0.05,0.12
818,Kisiel porzeczkowy,98,73.7,0.3,0,0.3,0.1,25.7,1,77,12,15,5,0.3,0.08,0.03,0.19
819,Kisiel waniliowy,121,75,3.3,3.3,0,4.5,16.6,38,118,103,92,10,0.4,0.39,0.02,0.03
820,Kompot z jablek,51,86.4,0.2,0,0.2,0.1,13.2,1,52,3,4,1,0.1,0.06,0.02,0.06
821,Kompot z wisni,69,82.7,0.2,0,0.2,0.1,16.9,1,38,3,5,2,0.1,0.03,0.04,0.01
822,Lody waniliowe,139,67.2,2.7,2.7,0,1.6,28.1,35,72,53,52,6,0.2,0.28,0.02,0.01
823,Mus jablkowy,127,68.3,2.2,2,0.2,0.5,28.7,38,84,3,7,3,0.2,0.13,0.03,0.04
824,Napoj mleczny z truskawkami,109,72.7,1.2,0.9,0.3,0.7,24.9,11,87,39,30,7,0.3,0.12,0.05,0.09
825,Rolada biszkoptowa z dzemem,304,30.3,6.9,5.7,1.2,5.4,56.8,72,98,29,100,8,1.3,0.69,0.06,0.07
826,Truskawki w galaretce,127,67.8,15.4,15.2,0.2,0.2,16,6,50,11,9,5,0.2,0.03,0.04,0.08
827,Truskawki z bita smietana,127,79.5,1.1,0.7,0.4,10.4,8.4,11,104,43,34,8,0.4,0.13,0.06,0.12
828,Befsztyk tatarski,195,64.4,18.4,17.5,0.9,12.3,3.4,197,340,40,266,36,3.1,3.47,0.11,0.11
829,Pasta z jaj,197,72.3,7.2,6.7,0.5,18.6,1.2,78,132,44,118,13,1.6,1.04,0.08,0.08
830,Pasta z jaj i ryby wedzonej,262,61.1,13.3,12.9,0.4,23.1,1.2,577,191,24,170,19,1.3,0.71,0.11,0.08
831,Pasta z twarogu i ryby wedzonej,273,58.9,15.2,15.2,0,23,1.9,344,131,48,181,13,0.4,0.61,0.07,0.02
