-- phpMyAdmin SQL Dump
-- version 4.7.6
-- https://www.phpmyadmin.net/
--
-- Host: localhost
-- Generation Time: Jan 01, 2018 at 03:20 PM
-- Server version: 10.1.29-MariaDB
-- PHP Version: 7.2.0

SET SQL_MODE = "NO_AUTO_VALUE_ON_ZERO";
SET AUTOCOMMIT = 0;
START TRANSACTION;
SET time_zone = "+00:00";


/*!40101 SET @OLD_CHARACTER_SET_CLIENT=@@CHARACTER_SET_CLIENT */;
/*!40101 SET @OLD_CHARACTER_SET_RESULTS=@@CHARACTER_SET_RESULTS */;
/*!40101 SET @OLD_COLLATION_CONNECTION=@@COLLATION_CONNECTION */;
/*!40101 SET NAMES utf8mb4 */;

--
-- Database: `dieta_trening`
--

-- --------------------------------------------------------

--
-- Table structure for table `cardio_category`
--

CREATE TABLE `cardio_category` (
  `id` int(11) NOT NULL,
  `name` varchar(60) COLLATE utf8_unicode_ci NOT NULL
) ENGINE=InnoDB DEFAULT CHARSET=utf8 COLLATE=utf8_unicode_ci;

--
-- Dumping data for table `cardio_category`
--

INSERT INTO `cardio_category` (`id`, `name`) VALUES
(1, 'biegi i spacery'),
(4, 'czynności codzienne'),
(3, 'fitness i siłownia'),
(5, 'gry sportowe'),
(8, 'inne'),
(2, 'rower'),
(7, 'wodne'),
(6, 'wspinaczka');

-- --------------------------------------------------------

--
-- Table structure for table `cardio_training`
--

CREATE TABLE `cardio_training` (
  `id` int(11) NOT NULL,
  `category_id` int(11) DEFAULT NULL,
  `name` varchar(60) COLLATE utf8_unicode_ci NOT NULL,
  `burnedCalories` int(11) NOT NULL
) ENGINE=InnoDB DEFAULT CHARSET=utf8 COLLATE=utf8_unicode_ci;

--
-- Dumping data for table `cardio_training`
--

INSERT INTO `cardio_training` (`id`, `category_id`, `name`, `burnedCalories`) VALUES
(1, 1, 'bieganie ', 562),
(2, 1, 'chodzenie', 285),
(3, 1, 'marsz(5.5km/h)', 400),
(4, 1, 'spacer', 200),
(5, 1, 'sprint', 1050),
(6, 2, 'jazda na rowerze(10km/h)', 250),
(7, 2, 'jazda na rowerze(15km/h)', 350),
(8, 2, 'jazda na rowerze(20km/h)', 600),
(9, 3, 'aerobic(spokojne)', 390),
(10, 3, 'aerobic(umiarkowane)', 450),
(11, 3, 'aerobic(intensywnie)', 550),
(12, 3, 'siłownia(niska intensywność)', 260),
(13, 3, 'siłownia(średnia intensywność)', 520),
(14, 3, 'siłownia(wysoka intensywność)', 650),
(15, 4, 'wchodzenie po schodach', 825),
(16, 4, 'schodzenie ze schodów', 221),
(17, 4, 'seks', 435),
(18, 4, 'sprzątanie', 190),
(19, 4, 'robienie prania', 155),
(20, 4, 'nauka', 112),
(21, 5, 'piłka nożna', 600),
(22, 5, 'koszykówka', 600),
(23, 5, 'kręgle', 285),
(24, 5, 'piłka ręczna', 600),
(25, 5, 'siatkówka', 300),
(26, 5, 'tenis', 600),
(27, 5, 'tenis stołowy', 300),
(28, 5, 'hokej na lodzie', 600),
(29, 6, 'wspinaczka górska', 600),
(30, 6, 'wspinaczka skałkowa łatwa', 435),
(31, 6, 'wspinaczka skałkowa trudna', 562),
(32, 6, 'wspinaczka w parku linowym', 300),
(33, 7, 'pływanie szybkim tempem', 825),
(34, 7, 'pływanie intensywne', 600),
(35, 7, 'pływanie rekreacyjne', 450),
(36, 8, 'uprawiwanie yogi', 225),
(37, 8, 'boks(trening z workiem)', 412),
(38, 8, 'boks w ringu', 960),
(39, 8, 'jazda na rolkach rekreacyjnie', 560),
(40, 8, 'jazda na nartach', 525),
(41, 8, 'snowboard', 525);

-- --------------------------------------------------------

--
-- Table structure for table `category`
--

CREATE TABLE `category` (
  `id` int(11) NOT NULL,
  `name` varchar(55) COLLATE utf8_unicode_ci NOT NULL
) ENGINE=InnoDB DEFAULT CHARSET=utf8 COLLATE=utf8_unicode_ci;

--
-- Dumping data for table `category`
--

INSERT INTO `category` (`id`, `name`) VALUES
(1, 'Nabial'),
(2, 'Miesa'),
(3, 'Ryby'),
(4, 'Tluszcze'),
(5, 'Zboza'),
(6, 'Warzywa'),
(7, 'Owoce, nasiona i orzechy'),
(8, 'Slodycze, cukry i przekaski'),
(9, 'Napoje i alkohole'),
(10, 'Przyprawy i sosy'),
(11, 'Zupy'),
(12, 'Dania gotowe');

-- --------------------------------------------------------

--
-- Table structure for table `entity_user`
--

CREATE TABLE `entity_user` (
  `id` int(11) NOT NULL,
  `username` varchar(25) COLLATE utf8_unicode_ci NOT NULL,
  `password` varchar(64) COLLATE utf8_unicode_ci NOT NULL,
  `email` varchar(64) COLLATE utf8_unicode_ci NOT NULL,
  `isActive` tinyint(1) NOT NULL,
  `isUserData` tinyint(1) DEFAULT NULL
) ENGINE=InnoDB DEFAULT CHARSET=utf8 COLLATE=utf8_unicode_ci;

-- --------------------------------------------------------

--
-- Table structure for table `food`
--

CREATE TABLE `food` (
  `id` int(11) NOT NULL,
  `nazwa_produktu` varchar(55) CHARACTER SET utf8 NOT NULL,
  `wartosc_energetyczna_kcal` int(3) NOT NULL,
  `woda_g` decimal(3,1) DEFAULT NULL,
  `bialko_ogolem_g` decimal(3,1) DEFAULT NULL,
  `bialko_zwierzece_g` decimal(3,1) DEFAULT NULL,
  `bialko_roslinne_g` decimal(3,1) DEFAULT NULL,
  `tluszcz_g` decimal(4,1) DEFAULT NULL,
  `weglowodany_g` decimal(3,1) DEFAULT NULL,
  `sod_mg` int(5) DEFAULT NULL,
  `potas_mg` int(4) DEFAULT NULL,
  `wapn_mg` int(4) DEFAULT NULL,
  `fosfor_mg` int(4) DEFAULT NULL,
  `magnez_mg` int(3) DEFAULT NULL,
  `zelazo_mg` decimal(3,1) DEFAULT NULL,
  `cynk_mg` decimal(4,2) DEFAULT NULL,
  `miedz_mg` decimal(3,2) DEFAULT NULL,
  `mangan_mg` decimal(4,2) DEFAULT NULL,
  `category_id` int(11) DEFAULT NULL,
  `subcategory_id` int(11) DEFAULT NULL
) ENGINE=InnoDB DEFAULT CHARSET=utf8 COLLATE=utf8_polish_ci ROW_FORMAT=COMPACT;

--
-- Dumping data for table `food`
--

INSERT INTO `food` (`id`, `nazwa_produktu`, `wartosc_energetyczna_kcal`, `woda_g`, `bialko_ogolem_g`, `bialko_zwierzece_g`, `bialko_roslinne_g`, `tluszcz_g`, `weglowodany_g`, `sod_mg`, `potas_mg`, `wapn_mg`, `fosfor_mg`, `magnez_mg`, `zelazo_mg`, `cynk_mg`, `miedz_mg`, `mangan_mg`, `category_id`, `subcategory_id`) VALUES
(1, 'Mleko spozywcze 3,5 % tluszczu', 64, '87.7', '3.3', '3.3', '0.0', '3.5', '4.8', 44, 138, 118, 85, 12, '0.1', '0.32', '0.02', '0.02', 1, 1),
(2, 'Mleko spozywcze 3,2% tluszczu', 61, '88.0', '3.3', '3.3', '0.0', '3.2', '4.8', 44, 139, 118, 85, 12, '0.1', '0.32', '0.02', '0.02', 1, 1),
(3, 'Mleko spozywcze 2% tluszczu', 51, '89.0', '3.4', '3.4', '0.0', '2.0', '4.9', 45, 141, 120, 86, 12, '0.1', '0.32', '0.02', '0.02', 1, 1),
(4, 'Mleko spozywcze 1,5 % tluszczu', 47, '89.4', '3.4', '3.4', '0.0', '1.5', '5.0', 45, 141, 120, 97, 12, '0.1', '0.37', '0.01', '0.02', 1, 1),
(5, 'Mleko spozywcze 0,5 % tluszczu', 39, '90.3', '3.5', '3.5', '0.0', '0.5', '5.1', 45, 141, 121, 97, 12, '0.1', '0.40', '0.01', '0.01', 1, 1),
(6, 'Mleko kobiece', 72, '87.2', '1.3', '1.3', '0.0', '4.3', '7.0', 20, 52, 20, 13, 4, '0.1', '0.11', '0.03', '0.01', 1, 1),
(7, 'Mleko kozie', 68, '87.3', '3.2', '3.2', '0.0', '4.1', '4.5', 40, 161, 130, 127, 14, '0.1', '0.58', '0.04', '0.02', 1, 1),
(8, 'Mleko owcze', 107, '80.9', '6.0', '6.0', '0.0', '7.0', '5.1', 44, 136, 193, 158, 18, '0.1', '0.20', '0.10', '0.02', 1, 1),
(9, 'Mleko w proszku odtluszczone', 360, '4.0', '35.7', '35.7', '0.0', '0.8', '51.2', 480, 1874, 1404, 1012, 143, '1.2', '4.15', '0.24', '0.20', 1, 1),
(10, 'Mleko w proszku pelne', 479, '4.0', '27.0', '27.0', '0.0', '24.0', '38.7', 357, 1393, 1062, 765, 108, '0.9', '3.09', '0.18', '0.20', 1, 1),
(11, 'Mleko zageszczone nieslodzone', 131, '75.0', '6.6', '6.6', '0.0', '7.5', '9.4', 120, 304, 258, 202, 26, '0.2', '0.70', '0.04', '0.02', 1, 1),
(12, 'Mleko zageszczone slodzone', 326, '27.5', '7.5', '7.5', '0.0', '8.0', '55.3', 110, 348, 295, 212, 30, '0.2', '0.80', '0.05', '0.02', 1, 1),
(13, 'Mleko UHT 3,2% tluszczu', 61, '88.0', '3.3', '3.3', '0.0', '3.2', '4.8', 41, 139, 113, 81, 12, '0.1', '0.32', '0.02', '0.02', 1, 1),
(14, 'Mleko UHT 1,5% tluszczu', 47, '89.4', '3.4', '3.4', '0.0', '1.5', '5.0', 42, 141, 110, 92, 12, '0.1', '0.37', '0.01', '0.02', 1, 1),
(15, 'Mleko UHT 0,5% tluszczu', 39, '90.3', '3.5', '3.5', '0.0', '0.5', '5.1', 42, 141, 111, 91, 12, '0.1', '0.40', '0.01', '0.01', 1, 1),
(16, 'smietanka kremowa 30% tluszczu', 287, '64.2', '2.2', '2.2', '0.0', '30.0', '3.1', 32, 101, 86, 62, 9, '0.1', '0.23', '0.01', '0.00', 1, 2),
(17, 'smietana 18% tluszczu', 184, '75.3', '2.5', '2.5', '0.0', '18.0', '3.6', 37, 116, 99, 71, 10, '0.1', '0.27', '0.02', '0.00', 1, 2),
(18, 'smietana 12% tluszczu', 133, '80.8', '2.7', '2.7', '0.0', '12.0', '3.9', 40, 125, 106, 76, 11, '0.1', '0.29', '0.02', '0.00', 1, 2),
(19, 'smietanka do kawy 9% tluszczu', 107, '83.6', '2.8', '2.8', '0.0', '9.0', '4.0', 41, 128, 109, 79, 11, '0.1', '0.30', '0.02', '0.00', 1, 2),
(20, 'Jogurt naturalny 2% tluszczu', 60, '86.5', '4.3', '4.3', '0.0', '2.0', '6.2', 63, 200, 170, 122, 17, '0.1', '0.46', '0.03', '0.00', 1, 3),
(21, 'Jogurt bananowy 1,5% tluszczu', 70, '83.5', '3.7', '3.6', '0.1', '1.5', '10.4', 48, 215, 132, 97, 18, '0.2', '0.39', '0.04', '0.08', 1, 3),
(22, 'Jogurt jagodowy 1,5% tluszczu', 62, '85.2', '3.7', '3.6', '0.1', '1.5', '8.8', 48, 170, 134, 96, 14, '0.2', '0.42', '0.04', '0.13', 1, 3),
(23, 'Jogurt morelowy 1,5% tluszczu', 63, '85.0', '3.7', '3.6', '0.1', '1.5', '8.9', 47, 200, 133, 96, 14, '0.2', '0.38', '0.04', '0.05', 1, 3),
(24, 'Jogurt truskawkowy 1,5% tluszczu', 60, '85.7', '3.7', '3.6', '0.1', '1.5', '8.2', 47, 179, 134, 97, 15, '0.2', '0.37', '0.04', '0.05', 1, 3),
(25, 'Jogurt wisniowy 1,5% tluszczu', 61, '85.8', '3.7', '3.6', '0.1', '1.5', '8.2', 49, 182, 134, 98, 15, '0.2', '0.38', '0.04', '0.03', 1, 3),
(26, 'Kefir 2% tluszczu', 51, '89.3', '3.4', '3.4', '0.0', '2.0', '4.7', 38, 122, 103, 74, 10, '0.1', '0.28', '0.02', '0.00', 1, 4),
(27, 'Maslanka spozywcza 0,5 % tluszczu', 37, '90.7', '3.4', '3.4', '0.0', '0.5', '4.7', 60, 150, 110, 80, 13, '0.1', '0.50', '0.01', '0.00', 1, 4),
(28, 'Napoj mleczny jogurtowy', 82, '81.1', '4.0', '4.0', '0.0', '1.9', '12.1', 59, 186, 158, 113, 16, '0.1', '0.43', '0.03', '0.00', 1, 4),
(29, 'Napoj mleczny kakaowy', 81, '81.8', '3.3', '3.1', '0.2', '2.1', '12.1', 41, 153, 111, 87, 16, '0.2', '0.38', '0.07', '0.05', 1, 4),
(30, 'Napoj mleczny serwatkowo-smietankowy', 74, '84.0', '0.9', '0.9', '0.0', '2.2', '12.4', 40, 116, 66, 40, 2, '0.1', '0.07', '0.00', '0.01', 1, 4),
(31, 'Napoj mleczny smietankowy', 63, '84.4', '3.5', '3.5', '0.0', '0.5', '10.9', 61, 158, 116, 84, 14, '0.1', '0.51', '0.01', '0.00', 1, 4),
(32, 'Serwatka plynna', 25, '93.4', '0.8', '0.8', '0.0', '0.1', '5.1', 45, 129, 68, 40, 1, '0.1', '0.05', '0.00', '0.01', 1, 4),
(33, 'Ser, Brie pelnotlusty', 329, '49.3', '19.8', '19.8', '0.0', '28.0', '0.2', 880, 100, 600, 380, 20, '0.2', '2.28', '0.04', '0.04', 1, 5),
(34, 'Ser, Camembert pelnotlusty', 291, '52.1', '21.4', '21.4', '0.0', '23.0', '0.2', 966, 101, 386, 310, 22, '0.5', '2.84', '0.07', '0.04', 1, 5),
(35, 'Ser, Cheddar pelnotlusty', 391, '37.7', '27.1', '27.1', '0.0', '31.7', '0.1', 598, 81, 703, 487, 54, '0.5', '4.05', '0.04', '0.02', 1, 5),
(36, 'Ser, Edamski tlusty', 313, '46.0', '26.1', '26.1', '0.0', '23.4', '0.1', 618, 81, 867, 523, 27, '0.6', '2.20', '0.03', '0.02', 1, 5),
(37, 'Ser, Ementaler pelnotlusty', 380, '36.9', '28.8', '28.8', '0.0', '29.7', '0.1', 909, 119, 835, 416, 39, '0.5', '4.40', '0.04', '0.02', 1, 5),
(38, 'Ser, Gouda tlusty', 316, '44.9', '27.9', '27.9', '0.0', '22.9', '0.1', 898, 83, 807, 516, 31, '0.7', '4.18', '0.07', '0.03', 1, 5),
(39, 'Ser, Mysliwski pelnotlusty', 346, '43.0', '25.5', '25.5', '0.0', '27.4', '0.1', 674, 82, 792, 494, 27, '0.4', '3.59', '0.06', '0.04', 1, 5),
(40, 'Ser, Mysliwski tlusty', 338, '41.4', '29.0', '29.0', '0.0', '24.9', '0.1', 768, 93, 903, 563, 31, '0.5', '3.69', '0.06', '0.04', 1, 5),
(41, 'Ser, Parmezan', 452, '19.4', '41.5', '41.5', '0.0', '32.0', '0.1', 1860, 107, 1380, 810, 51, '1.0', '3.20', '0.20', '0.04', 1, 5),
(42, 'Ser, Rokpol pelnotlusty', 363, '41.3', '22.6', '22.6', '0.0', '30.6', '0.1', 1368, 109, 530, 322, 20, '0.5', '2.54', '0.05', '0.02', 1, 5),
(43, 'Ser, Salami pelnotlusty', 351, '43.0', '25.2', '25.2', '0.0', '28.1', '0.1', 585, 89, 817, 501, 27, '0.4', '3.59', '0.06', '0.04', 1, 5),
(44, 'Ser, Trapistow pelnotlusty', 367, '41.0', '23.5', '23.5', '0.0', '30.7', '0.1', 722, 86, 943, 578, 33, '0.5', '3.46', '0.03', '0.05', 1, 5),
(45, 'Ser, Trapistow tlusty', 351, '40.6', '28.0', '28.0', '0.0', '26.8', '0.1', 780, 93, 972, 596, 34, '0.5', '3.74', '0.03', '0.05', 1, 5),
(46, 'Ser, Tylzycki pelnotlusty', 353, '41.5', '26.1', '26.1', '0.0', '27.9', '0.1', 744, 84, 815, 510, 28, '0.7', '3.68', '0.03', '0.05', 1, 5),
(47, 'Ser, Tylzycki tlusty', 334, '42.5', '27.8', '27.8', '0.0', '25.0', '0.1', 861, 108, 583, 550, 28, '0.7', '3.91', '0.03', '0.03', 1, 5),
(48, 'Deser twarogowy termizowany kakaowy', 156, '68.0', '13.9', '13.7', '0.2', '6.2', '11.2', 35, 108, 77, 175, 11, '0.2', '0.75', '0.05', '0.04', 8, 6),
(49, 'Deser twarogowy termizowany truskawkowy', 170, '64.4', '11.0', '10.9', '0.1', '5.8', '18.3', 29, 86, 66, 138, 7, '0.2', '0.63', '0.02', '0.02', 8, 6),
(50, 'Ser twarogowy chudy', 99, '75.3', '19.8', '19.8', '0.0', '0.5', '3.5', 41, 96, 96, 240, 9, '0.2', '1.12', '0.02', '0.02', 1, 6),
(51, 'Ser twarogowy poltlusty', 133, '72.1', '18.7', '18.7', '0.0', '4.7', '3.7', 44, 113, 94, 227, 9, '0.2', '0.92', '0.02', '0.02', 1, 6),
(52, 'Ser twarogowy tlusty', 175, '67.9', '17.7', '17.7', '0.0', '10.1', '3.5', 40, 104, 88, 216, 9, '0.2', '0.95', '0.03', '0.02', 1, 6),
(53, 'Ser typu Feta', 215, '60.8', '17.0', '17.0', '0.0', '16.0', '1.0', 1100, 62, 500, 360, 19, '0.3', '2.00', '0.08', '0.04', 1, 6),
(54, 'Serek termizowany pieczarkowy', 113, '74.9', '15.9', '15.5', '0.4', '4.0', '3.5', 387, 136, 80, 213, 12, '0.3', '0.83', '0.08', '0.03', 1, 6),
(55, 'Serek twarogowy homogenizowany  pelnotlusty', 161, '72.6', '12.7', '12.7', '0.0', '11.0', '3.0', 47, 117, 98, 140, 9, '0.2', '0.45', '0.02', '0.01', 1, 6),
(56, 'Serek twarogowy homogenizowany truskawkowy', 168, '62.4', '15.3', '15.2', '0.1', '3.9', '17.7', 36, 99, 79, 186, 8, '0.2', '0.80', '0.02', '0.02', 1, 6),
(57, 'Serek twarogowy homogenizowany waniliowy', 159, '65.0', '16.8', '16.8', '0.0', '4.2', '13.3', 40, 102, 85, 204, 8, '0.2', '0.83', '0.02', '0.02', 1, 6),
(58, 'Serek twarogowy ziarnisty', 101, '79.2', '12.3', '12.3', '0.0', '4.3', '3.3', 380, 80, 80, 140, 8, '0.1', '0.50', '0.02', '0.01', 1, 6),
(59, 'Serek typu Fromage naturalny', 379, '48.8', '10.2', '10.2', '0.0', '37.1', '2.4', 396, 66, 55, 123, 8, '0.2', '0.51', '0.02', '0.01', 1, 6),
(60, 'Serek typu Fromage z czosnkiem', 367, '49.3', '10.0', '9.7', '0.3', '35.2', '4.0', 379, 83, 54, 125, 9, '0.2', '0.54', '0.03', '0.04', 1, 6),
(61, 'Deser ryzowy jablkowy', 134, '69.7', '2.8', '2.3', '0.5', '3.0', '23.9', 54, 124, 86, 83, 8, '0.1', '0.47', '0.02', '0.05', 8, 194),
(62, 'Deser ryzowy waniliowy', 133, '69.8', '3.0', '2.5', '0.5', '2.9', '23.5', 52, 120, 84, 79, 7, '0.1', '0.43', '0.02', '0.05', 8, 194),
(63, 'Ser topiony, edamski', 298, '55.0', '13.5', '13.5', '0.0', '27.0', '1.2', 841, 41, 367, 578, 16, '0.6', '2.01', '0.02', '0.05', 1, 7),
(64, 'Lody mleczno-owocowe', 116, '73.2', '3.9', '3.8', '0.1', '2.5', '19.4', 57, 192, 155, 113, 17, '0.2', '0.42', '0.04', '0.01', 8, 150),
(65, 'Lody smietankowe', 160, '70.0', '3.2', '3.2', '0.0', '8.5', '17.6', 47, 148, 125, 90, 13, '0.1', '0.34', '0.02', '0.00', 8, 150),
(66, 'Jaja kurze cale', 139, '76.2', '12.5', '12.5', '0.0', '9.7', '0.6', 141, 133, 47, 204, 12, '2.2', '1.76', '0.06', '0.03', 1, 8),
(67, 'Bialko jaja kurzego', 49, '87.4', '10.9', '10.9', '0.0', '0.2', '0.7', 200, 154, 6, 17, 11, '0.2', '0.30', '0.03', '0.01', 1, 8),
(68, 'zoltko jaja kurzego', 314, '54.5', '15.5', '15.5', '0.0', '28.2', '0.3', 52, 127, 147, 587, 15, '7.2', '3.55', '0.14', '0.05', 1, 8),
(69, 'Proszek jajeczny', 576, '3.5', '48.4', '48.4', '0.0', '41.7', '2.7', 481, 527, 185, 790, 45, '8.3', '6.86', '0.21', '0.10', 1, 8),
(70, 'Baranina, lopatka', 284, '58.6', '15.6', '15.6', '0.0', '25.0', '0.0', 66, 249, 9, 155, 23, '2.3', '2.97', '0.10', '0.02', 2, 10),
(71, 'Baranina, udziec', 232, '63.1', '18.0', '18.0', '0.0', '18.0', '0.0', 78, 380, 10, 213, 23, '2.7', '3.20', '0.06', '0.04', 2, 10),
(72, 'Cielecina, lopatka', 106, '76.2', '19.9', '19.9', '0.0', '2.8', '0.0', 87, 395, 11, 199, 15, '2.9', '2.06', '0.25', '0.03', 2, 11),
(73, 'Cielecina, sznyclowka', 105, '75.9', '20.5', '20.5', '0.0', '2.4', '0.0', 68, 320, 12, 198, 20, '1.7', '3.20', '0.25', '0.03', 2, 11),
(74, 'Cielecina, udziec', 108, '75.9', '19.9', '19.9', '0.0', '3.1', '0.0', 128, 246, 10, 160, 16, '2.4', '2.05', '0.20', '0.03', 2, 11),
(75, 'Konina, mieso bez kosci', 109, '74.9', '21.5', '21.5', '0.0', '2.5', '0.0', 46, 345, 15, 200, 24, '3.5', '2.70', '0.14', '0.01', 2, 12),
(76, 'Konina, mieso z koscia', 109, '74.9', '21.5', '21.5', '0.0', '2.5', '0.0', 46, 345, 15, 200, 24, '3.5', '2.70', '0.14', '0.01', 2, 12),
(77, 'Wieprzowina klasa I', 133, '73.7', '18.9', '18.9', '0.0', '6.3', '0.0', 57, 323, 5, 216, 26, '1.4', '2.41', '0.08', '0.03', 2, 13),
(78, 'Wieprzowina klasa II', 248, '61.6', '17.5', '17.5', '0.0', '20.0', '0.0', 74, 297, 8, 172, 21, '1.5', '2.35', '0.09', '0.03', 2, 13),
(79, 'Wieprzowina klasa III', 196, '67.3', '18.3', '18.3', '0.0', '13.7', '0.0', 72, 347, 8, 182, 21, '1.8', '2.93', '0.09', '0.03', 2, 13),
(80, 'Wieprzowina klasa IV', 341, '53.1', '13.7', '13.7', '0.0', '32.3', '0.0', 78, 260, 36, 156, 16, '3.0', '2.48', '0.07', '0.03', 2, 13),
(81, 'Wieprzowina, boczek bez kosci', 510, '36.5', '10.1', '10.1', '0.0', '53.0', '0.0', 78, 163, 4, 95, 10, '0.7', '1.45', '0.05', '0.01', 2, 13),
(82, 'Wieprzowina, golonka ze skora', 294, '55.9', '18.6', '18.6', '0.0', '24.7', '0.0', 73, 213, 19, 145, 17, '1.1', '2.31', '0.05', '0.01', 2, 13),
(83, 'Wieprzowina, karkowka', 267, '60.3', '16.1', '16.1', '0.0', '22.8', '0.0', 63, 283, 18, 166, 17, '1.3', '3.11', '0.08', '0.05', 2, 13),
(84, 'Wieprzowina, lopatka', 257, '61.4', '16.0', '16.0', '0.0', '21.7', '0.0', 52, 275, 5, 159, 19, '1.1', '3.14', '0.04', '0.02', 2, 13),
(85, 'Wieprzowina, podgardle', 630, '24.5', '7.4', '7.4', '0.0', '67.8', '0.0', 38, 87, 7, 49, 5, '0.7', '0.40', '0.10', '0.02', 2, 13),
(86, 'Wieprzowina, schab surowy z koscia', 174, '68.0', '21.0', '21.0', '0.0', '10.0', '0.0', 42, 343, 15, 208, 24, '1.0', '1.93', '0.06', '0.04', 2, 13),
(87, 'Wieprzowina, szynka surowa', 261, '59.8', '18.0', '18.0', '0.0', '21.3', '0.0', 62, 289, 5, 179, 21, '0.9', '1.88', '0.02', '0.01', 2, 13),
(88, 'Wieprzowina, zeberka', 321, '54.7', '15.2', '15.2', '0.0', '29.3', '0.0', 63, 252, 28, 157, 17, '1.3', '2.86', '0.06', '0.05', 2, 13),
(89, 'Wolowina klasa I niesciegnista', 107, '75.1', '21.7', '21.7', '0.0', '2.1', '0.0', 57, 354, 4, 214, 27, '2.2', '2.45', '0.08', '0.03', 2, 14),
(90, 'Wolowina klasa I sciegnista', 154, '70.3', '20.8', '20.8', '0.0', '7.9', '0.0', 70, 337, 6, 176, 22, '2.2', '2.93', '0.06', '0.03', 2, 14),
(91, 'Wolowina klasa II', 147, '71.2', '20.6', '20.6', '0.0', '7.2', '0.0', 78, 316, 6, 167, 22, '2.2', '3.50', '0.08', '0.04', 2, 14),
(92, 'Wolowina klasa III', 223, '62.5', '20.9', '20.9', '0.0', '15.6', '0.0', 81, 209, 8, 175, 21, '2.3', '1.83', '0.05', '0.01', 2, 14),
(93, 'Wolowina klasa IV', 405, '45.9', '14.1', '14.1', '0.0', '39.3', '0.0', 127, 120, 15, 113, 13, '2.7', '1.03', '0.07', '0.01', 2, 14),
(94, 'Wolowina klasa V', 365, '47.3', '20.1', '20.1', '0.0', '32.0', '0.0', 124, 117, 16, 67, 6, '1.5', '1.00', '0.07', '0.01', 2, 14),
(95, 'Wolowina, pieczen', 117, '74.5', '20.9', '20.9', '0.0', '3.6', '0.0', 78, 375, 3, 204, 25, '2.3', '3.76', '0.08', '0.04', 2, 14),
(96, 'Wolowina, poledwica', 113, '75.4', '20.1', '20.1', '0.0', '3.5', '0.0', 52, 382, 4, 212, 26, '3.1', '2.93', '0.10', '0.04', 2, 14),
(97, 'Wolowina, rostbef', 152, '70.2', '21.5', '21.5', '0.0', '7.3', '0.0', 64, 350, 9, 191, 23, '2.4', '2.78', '0.06', '0.01', 2, 14),
(98, 'Wolowina, rozbratel', 157, '72.3', '16.7', '16.7', '0.0', '10.1', '0.0', 34, 313, 14, 180, 21, '2.8', '2.78', '0.08', '0.02', 2, 14),
(99, 'Wolowina, szponder', 217, '64.0', '19.3', '19.3', '0.0', '15.7', '0.0', 63, 266, 27, 169, 19, '2.1', '3.97', '0.03', '0.01', 2, 14),
(100, 'Flaki', 84, '81.5', '16.0', '16.0', '0.0', '2.2', '0.0', 64, 137, 71, 61, 11, '0.6', '2.75', '0.08', '0.02', 2, 15),
(101, 'Kosci, wywar', 5, '98.1', '1.2', '1.2', '0.0', '0.0', '0.0', 28, 15, 2, 4, 1, '0.1', '0.04', '0.00', '0.01', 2, 191),
(102, 'Krew wieprzowa', 73, '81.0', '16.6', '16.6', '0.0', '0.4', '0.4', 205, 205, 7, 61, 5, '39.5', '0.33', '0.14', '0.01', 2, 191),
(103, 'Mozg wieprzowy', 139, '76.9', '11.1', '11.1', '0.0', '10.6', '0.0', 160, 326, 10, 340, 20, '3.8', '1.04', '0.30', '0.03', 2, 15),
(104, 'Nerki wieprzowe', 102, '78.1', '16.8', '16.8', '0.0', '3.8', '0.0', 205, 313, 11, 246, 18, '8.0', '3.00', '0.89', '0.06', 2, 15),
(105, 'Nogi wieprzowe', 274, '55.8', '23.0', '23.0', '0.0', '20.4', '0.0', 157, 127, 24, 106, 12, '2.1', '2.66', '0.35', '0.05', 2, 13),
(106, 'Ozor wieprzowy', 165, '71.4', '16.5', '16.5', '0.0', '11.1', '0.0', 108, 255, 11, 188, 18, '4.5', '2.60', '0.23', '0.03', 2, 15),
(107, 'Serca wieprzowe', 111, '77.2', '16.9', '16.9', '0.0', '4.8', '0.0', 89, 335, 35, 132, 22, '2.7', '2.20', '0.37', '0.02', 2, 15),
(108, 'Watroba wieprzowa', 130, '70.6', '22.0', '22.0', '0.0', '3.4', '2.6', 83, 311, 10, 362, 23, '18.7', '4.51', '0.63', '0.23', 2, 15),
(109, 'Watroba wolowa', 125, '71.5', '20.0', '20.0', '0.0', '3.1', '4.0', 117, 294, 7, 358, 21, '9.4', '4.11', '0.62', '0.25', 2, 15),
(110, 'Watroba cieleca', 125, '71.2', '19.2', '19.2', '0.0', '3.3', '4.1', 87, 316, 19, 306, 20, '7.9', '8.40', '5.50', '0.28', 2, 15),
(111, 'Ges, tuszka', 339, '53.3', '14.1', '14.1', '0.0', '31.8', '0.0', 48, 243, 5, 152, 18, '2.4', '1.66', '0.17', '0.02', 2, 17),
(112, 'Indyk, tuszka', 129, '75.3', '17.0', '17.0', '0.0', '6.8', '0.0', 63, 300, 6, 226, 27, '0.6', '2.00', '0.04', '0.04', 2, 17),
(113, 'Mieso z piersi indyka bez skory', 84, '78.7', '19.2', '19.2', '0.0', '0.7', '0.0', 47, 460, 2, 238, 35, '0.5', '0.83', '0.04', '0.01', 2, 17),
(114, 'Mieso z piersi indyka ze skora', 100, '77.3', '18.7', '18.7', '0.0', '2.7', '0.0', 48, 441, 2, 229, 33, '0.5', '0.82', '0.04', '0.01', 2, 17),
(115, 'Mieso z podudzia indyka bez skory', 100, '78.6', '16.6', '16.6', '0.0', '3.7', '0.0', 96, 364, 8, 214, 27, '1.2', '2.83', '0.08', '0.02', 2, 17),
(116, 'Mieso z podudzia indyka ze skora', 142, '74.4', '15.7', '15.7', '0.0', '8.9', '0.0', 92, 324, 8, 194, 24, '1.1', '2.53', '0.08', '0.02', 2, 17),
(117, 'Mieso ze skrzydel indyka bez skory', 115, '76.3', '18.0', '18.0', '0.0', '4.7', '0.0', 62, 359, 5, 207, 27, '1.2', '2.27', '0.04', '0.01', 2, 17),
(118, 'Mieso ze skrzydel indyka ze skora', 168, '71.2', '16.5', '16.5', '0.0', '11.4', '0.0', 63, 308, 6, 182, 23, '1.1', '1.98', '0.04', '0.01', 2, 17),
(119, 'Mieso z udzca indyka bez skory', 104, '76.7', '19.4', '19.4', '0.0', '2.8', '0.0', 77, 414, 4, 227, 28, '0.8', '2.64', '0.08', '0.01', 2, 17),
(120, 'Mieso z udzca indyka ze skora', 131, '74.2', '18.4', '18.4', '0.0', '6.4', '0.0', 76, 384, 5, 213, 26, '0.8', '2.46', '0.07', '0.01', 2, 17),
(121, 'Skora z indyka', 413, '47.9', '9.4', '9.4', '0.0', '42.4', '0.0', 64, 80, 9, 65, 6, '0.8', '0.65', '0.03', '0.01', 2, 17),
(122, 'Skrzydlo indyka', 168, '71.2', '16.5', '16.5', '0.0', '11.4', '0.0', 63, 308, 6, 182, 23, '1.1', '1.98', '0.04', '0.01', 2, 17),
(123, 'Kaczka, tuszka', 308, '57.2', '13.5', '13.5', '0.0', '28.6', '0.0', 66, 242, 8, 149, 14, '2.1', '1.42', '0.14', '0.03', 2, 17),
(124, 'Kura, tuszka', 202, '66.4', '18.5', '18.5', '0.0', '14.3', '0.0', 66, 307, 11, 162, 19, '1.6', '1.39', '0.06', '0.03', 2, 16),
(125, 'Kurczak, tuszka', 158, '71.2', '18.6', '18.6', '0.0', '9.3', '0.0', 61, 305, 10, 187, 20, '1.2', '1.35', '0.05', '0.04', 2, 16),
(126, 'Mieso z piersi kurczaka bez skory', 99, '76.3', '21.5', '21.5', '0.0', '1.3', '0.0', 55, 385, 5, 240, 33, '0.4', '0.49', '0.01', '0.01', 2, 16),
(127, 'Mieso z ud kurczaka bez skory', 125, '75.2', '17.8', '17.8', '0.0', '6.0', '0.0', 91, 334, 8, 215, 26, '0.7', '1.40', '0.08', '0.01', 2, 16),
(128, 'Mieso z ud kurczaka ze skora', 158, '72.0', '16.8', '16.8', '0.0', '10.2', '0.0', 85, 300, 9, 196, 23, '0.7', '1.28', '0.08', '0.01', 2, 16),
(129, 'Noga (udo) kurczaka', 158, '72.0', '16.8', '16.8', '0.0', '10.2', '0.0', 85, 300, 9, 196, 23, '0.7', '1.28', '0.08', '0.01', 2, 16),
(130, 'Skorki kurze', 379, '51.1', '10.7', '10.7', '0.0', '37.9', '0.0', 46, 76, 17, 78, 7, '1.0', '0.52', '0.04', '0.03', 2, 16),
(131, 'Skrzydlo kurczaka', 186, '67.1', '19.2', '19.2', '0.0', '12.2', '0.0', 73, 156, 14, 139, 18, '1.4', '1.30', '0.04', '0.01', 2, 16),
(132, 'Watrobka  kurczaka', 136, '72.8', '19.1', '19.1', '0.0', '6.3', '0.6', 85, 300, 8, 320, 21, '9.5', '3.63', '0.30', '0.26', 2, 15),
(133, 'zoladek kurczaka', 114, '76.2', '18.2', '18.2', '0.0', '4.2', '0.6', 69, 188, 8, 135, 13, '3.5', '3.00', '0.10', '0.07', 2, 15),
(134, 'Krolik, tuszka', 156, '69.8', '21.0', '21.0', '0.0', '8.0', '0.0', 43, 385, 19, 183, 26, '2.6', '2.19', '0.15', '0.04', 2, 191),
(135, 'Baleron gotowany', 244, '63.1', '15.1', '14.3', '0.8', '20.2', '0.9', 749, 312, 17, 176, 16, '1.3', '2.77', '0.09', '0.06', 2, 18),
(136, 'Kabanosy', 326, '46.8', '27.4', '27.4', '0.0', '24.3', '0.0', 1327, 467, 11, 284, 34, '2.3', '3.63', '0.13', '0.05', 2, 19),
(137, 'Kielbasa domowa', 320, '54.8', '14.7', '14.6', '0.1', '29.2', '0.5', 826, 243, 7, 139, 17, '1.4', '2.09', '0.07', '0.04', 2, 19),
(138, 'Kielbasa krakowska sucha', 323, '48.2', '25.6', '25.6', '0.0', '24.8', '0.0', 1273, 429, 8, 275, 33, '2.1', '3.38', '0.11', '0.04', 2, 19),
(139, 'Kielbasa lubuska', 249, '58.8', '17.5', '15.6', '1.9', '18.0', '4.8', 1465, 401, 13, 217, 22, '1.7', '2.16', '0.13', '0.08', 2, 19),
(140, 'Kielbasa mortadela', 205, '69.6', '12.0', '12.0', '0.0', '17.7', '0.0', 698, 169, 13, 105, 12, '1.2', '1.74', '0.05', '0.02', 2, 19),
(141, 'Kielbasa mysliwska sucha', 291, '50.7', '27.8', '27.8', '0.0', '20.1', '0.0', 1291, 463, 10, 269, 33, '2.5', '3.85', '0.12', '0.05', 2, 19),
(142, 'Kielbasa parowkowa', 323, '56.7', '11.0', '11.0', '0.0', '31.5', '0.0', 839, 134, 15, 90, 9, '1.2', '1.40', '0.05', '0.02', 2, 19),
(143, 'Kielbasa podwawelska', 247, '61.3', '17.3', '17.1', '0.2', '19.6', '0.9', 1017, 303, 10, 172, 22, '1.5', '2.32', '0.10', '0.06', 2, 19),
(144, 'Kielbasa rzeszowska', 203, '64.6', '20.9', '20.9', '0.0', '13.4', '0.0', 976, 356, 7, 217, 26, '1.8', '2.87', '0.10', '0.04', 2, 19),
(145, 'Kielbasa slaska', 210, '65.4', '18.4', '18.4', '0.0', '15.3', '0.0', 885, 323, 7, 189, 23, '1.6', '2.56', '0.09', '0.03', 2, 19),
(146, 'Kielbasa torunska', 263, '57.9', '20.9', '20.9', '0.0', '20.1', '0.0', 1007, 347, 9, 197, 24, '1.9', '2.98', '0.10', '0.04', 2, 19),
(147, 'Kielbasa zwyczajna', 209, '65.9', '17.6', '17.6', '0.0', '15.6', '0.0', 848, 258, 13, 161, 19, '1.6', '2.47', '0.08', '0.03', 2, 19),
(148, 'Kielbasa zywiecka', 315, '52.4', '20.3', '20.3', '0.0', '26.3', '0.0', 1031, 328, 7, 189, 23, '1.9', '2.90', '0.08', '0.03', 2, 19),
(149, 'Kielbaski bawarskie', 308, '55.9', '15.5', '15.4', '0.1', '27.7', '0.1', 853, 264, 12, 150, 20, '1.6', '2.16', '0.08', '0.08', 2, 19),
(150, 'Mielonka (Luncheon meat)', 171, '71.2', '12.8', '11.5', '1.3', '11.7', '3.7', 1065, 296, 9, 158, 15, '1.3', '1.68', '0.09', '0.05', 2, 20),
(151, 'Paroweczki sniadaniowe             (z olejem)', 234, '66.6', '11.9', '10.5', '1.4', '20.9', '0.1', 650, 193, 8, 102, 13, '1.3', '1.64', '0.09', '0.06', 2, 20),
(152, 'Parowki popularne', 342, '55.4', '9.5', '9.5', '0.0', '34.3', '0.0', 889, 120, 5, 67, 8, '1.1', '1.11', '0.05', '0.03', 2, 20),
(153, 'Poledwica luksusowa', 177, '67.2', '19.5', '19.4', '0.1', '10.0', '2.4', 1555, 325, 14, 195, 23, '1.1', '1.97', '0.06', '0.04', 2, 21),
(154, 'Poledwica sopocka', 165, '69.2', '19.9', '19.0', '0.9', '9.1', '0.9', 748, 374, 15, 218, 23, '1.1', '1.77', '0.07', '0.05', 2, 21),
(155, 'Salami luksusowe', 540, '25.5', '21.9', '21.8', '0.1', '50.6', '0.9', 1304, 349, 9, 197, 26, '2.2', '3.31', '0.10', '0.07', 2, 18),
(156, 'Salami mini', 548, '24.7', '21.7', '21.6', '0.1', '51.6', '0.9', 1304, 347, 9, 197, 25, '2.2', '3.22', '0.10', '0.07', 2, 18),
(157, 'Salami popularne', 568, '22.2', '21.6', '21.5', '0.1', '53.7', '1.4', 1307, 348, 10, 192, 25, '2.2', '3.22', '0.10', '0.07', 2, 18),
(158, 'Szynka kanapkowa', 102, '79.2', '14.2', '12.9', '1.3', '4.4', '1.4', 1112, 317, 6, 193, 19, '1.2', '1.68', '0.09', '0.04', 2, 22),
(159, 'Szynka wiejska', 253, '60.8', '17.1', '17.1', '0.0', '20.3', '0.9', 1026, 366, 5, 195, 20, '0.9', '1.79', '0.02', '0.01', 2, 22),
(160, 'Szynka wieprzowa gotowana', 233, '63.5', '16.4', '15.4', '1.0', '18.3', '1.0', 857, 319, 6, 187, 19, '1.0', '1.63', '0.04', '0.02', 2, 22),
(161, 'Szynka wolowa gotowana', 107, '74.9', '20.9', '19.9', '1.0', '2.0', '1.1', 914, 401, 5, 232, 26, '2.2', '2.27', '0.10', '0.04', 2, 22),
(162, 'Szynkowka wieprzowa', 191, '69.6', '13.6', '12.3', '1.3', '14.7', '1.4', 1115, 294, 6, 168, 16, '0.9', '1.32', '0.04', '0.03', 2, 22),
(163, 'Szynkowka wolowa', 85, '80.1', '16.2', '14.9', '1.3', '1.5', '1.4', 1112, 338, 5, 191, 20, '1.7', '1.71', '0.09', '0.04', 2, 22),
(164, 'Wedzonka wolowa gotowana', 102, '77.7', '17.8', '17.8', '0.0', '3.1', '0.5', 992, 382, 5, 189, 24, '2.8', '2.60', '0.09', '0.05', 2, 21),
(165, 'Kiszka kaszana jeczmienna', 194, '63.4', '8.5', '7.3', '1.2', '12.6', '13.0', 772, 144, 13, 80, 18, '7.4', '0.78', '0.09', '0.14', 2, 23),
(166, 'Kiszka krwista', 404, '38.4', '14.2', '13.2', '1.0', '35.0', '9.2', 1062, 92, 23, 95, 9, '16.9', '1.32', '0.14', '0.09', 2, 23),
(167, 'Kiszka pasztetowa', 384, '44.7', '12.5', '12.1', '0.4', '35.7', '4.3', 788, 144, 18, 166, 7, '6.0', '1.56', '0.20', '0.11', 2, 23),
(168, 'Ozory w galarecie', 141, '72.5', '16.7', '15.9', '0.8', '7.6', '1.7', 899, 232, 12, 157, 16, '3.6', '1.81', '0.18', '0.05', 2, 15),
(169, 'Pasztet pieczony', 391, '35.0', '17.0', '14.7', '2.3', '31.2', '13.5', 817, 373, 49, 212, 33, '5.0', '2.39', '0.26', '0.32', 2, 26),
(170, 'Pieczen zulawska', 170, '70.9', '13.8', '12.4', '1.4', '11.7', '2.6', 773, 228, 9, 119, 16, '1.5', '1.91', '0.08', '0.07', 2, 27),
(171, 'Poledwica w galarecie', 101, '78.4', '14.5', '13.7', '0.8', '4.4', '1.4', 625, 216, 10, 123, 15, '0.6', '0.89', '0.09', '0.04', 2, 21),
(172, 'Salceson czarny', 336, '53.0', '12.6', '12.1', '0.5', '32.0', '0.5', 803, 139, 18, 82, 7, '7.5', '0.91', '0.11', '0.05', 2, 25),
(173, 'Salceson wloski', 318, '53.2', '14.6', '14.6', '0.0', '29.3', '0.0', 815, 143, 40, 60, 8, '2.2', '1.39', '0.06', '0.05', 2, 25),
(174, 'Watrobianka', 231, '67.1', '10.7', '8.6', '2.1', '20.9', '0.7', 794, 160, 27, 136, 15, '5.7', '1.64', '0.19', '0.13', 2, 18),
(175, 'Baton szynkowy z indyka', 143, '72.6', '14.9', '14.9', '0.0', '9.3', '0.1', 826, 304, 8, 204, 30, '0.9', '1.67', '0.06', '0.02', 2, 22),
(176, 'Kielbasa mazurska z indyka', 129, '75.2', '14.8', '14.8', '0.0', '7.7', '0.1', 603, 295, 5, 171, 26, '1.0', '1.86', '0.04', '0.01', 2, 19),
(177, 'Kielbasa mortadela z indyka', 209, '67.6', '11.0', '10.9', '0.1', '18.5', '0.1', 772, 192, 17, 173, 23, '1.2', '1.65', '0.06', '0.04', 2, 19),
(178, 'Kielbasa szynkowa z indyka', 88, '77.3', '17.2', '17.1', '0.1', '2.0', '0.2', 900, 392, 6, 211, 35, '0.7', '1.70', '0.06', '0.04', 2, 19),
(179, 'Poledwica z indyka', 105, '76.6', '15.8', '15.8', '0.0', '4.6', '0.1', 763, 362, 3, 190, 33, '0.5', '0.82', '0.04', '0.01', 2, 21),
(180, 'Szynka z indyka', 84, '78.7', '17.1', '17.1', '0.0', '1.6', '0.1', 612, 387, 3, 206, 32, '0.6', '1.54', '0.06', '0.01', 2, 22),
(181, 'Baton z kurczaka', 144, '72.0', '16.7', '15.2', '1.5', '8.6', '0.1', 753, 283, 43, 194, 29, '1.1', '0.76', '0.07', '0.04', 2, 22),
(182, 'Kabanosy z kurczaka', 247, '56.6', '22.8', '21.7', '1.1', '17.4', '0.1', 885, 415, 13, 259, 39, '1.0', '1.35', '0.12', '0.05', 2, 19),
(183, 'Kaszanka z kurczaka', 204, '59.1', '9.8', '7.3', '2.5', '11.7', '16.4', 892, 190, 23, 127, 45, '6.6', '1.09', '0.17', '0.37', 2, 24),
(184, 'Kielbasa delikatesowa z kurczaka', 109, '74.3', '19.6', '17.9', '1.7', '3.3', '0.1', 779, 359, 10, 222, 34, '0.7', '0.91', '0.08', '0.04', 2, 19),
(185, 'Kielbasa jalowcowa z kurczaka', 236, '60.6', '19.0', '18.0', '1.0', '17.9', '0.1', 630, 342, 40, 231, 32, '1.2', '1.29', '0.10', '0.05', 2, 19),
(186, 'Kielbasa kanapkowa z kurczaka', 179, '69.3', '11.8', '11.4', '0.4', '13.5', '3.0', 720, 154, 72, 133, 18, '1.6', '1.16', '0.06', '0.04', 2, 19),
(187, 'Kielbasa podlaska z kurczaka', 232, '60.3', '20.7', '19.6', '1.1', '16.7', '0.1', 520, 373, 35, 248, 32, '1.3', '1.60', '0.13', '0.04', 2, 19),
(188, 'Kielbasa podsuszana z kurczaka', 163, '66.4', '21.7', '21.7', '0.0', '8.4', '0.0', 1039, 375, 39, 256, 38, '1.2', '1.42', '0.08', '0.02', 2, 19),
(189, 'Kielbasa szynkowa z kurczaka', 110, '76.3', '16.2', '14.7', '1.5', '5.0', '0.0', 725, 302, 10, 191, 28, '0.8', '1.20', '0.10', '0.04', 2, 19),
(190, 'Kurczak faszerowany (pieczony)', 200, '60.9', '20.5', '20.1', '0.4', '11.9', '2.8', 1208, 343, 15, 214, 33, '1.4', '1.44', '0.08', '0.07', 2, 16),
(191, 'Parowki z kurczaka', 259, '60.8', '10.8', '10.5', '0.3', '22.4', '4.2', 548, 141, 45, 114, 16, '1.1', '0.68', '0.06', '0.03', 2, 20),
(192, 'Pasta kanapkowa z kurczaka', 156, '73.0', '10.4', '10.4', '0.0', '11.3', '3.5', 461, 185, 85, 146, 19, '1.1', '0.74', '0.04', '0.02', 2, 26),
(193, 'Pasztet z kurczaka pieczony', 214, '61.6', '14.4', '12.0', '2.4', '14.3', '7.5', 574, 225, 94, 206, 23, '3.3', '1.61', '0.15', '0.15', 2, 26),
(194, 'Pasztet podlaski z kurczaka', 228, '66.7', '6.7', '5.2', '1.5', '21.1', '3.6', 610, 108, 42, 91, 13, '1.5', '0.75', '0.08', '0.08', 2, 26),
(195, 'Pieczen z kurczaka z pieczarkami', 180, '64.2', '13.8', '11.3', '2.5', '10.2', '9.1', 883, 251, 15, 164, 27, '0.9', '0.80', '0.11', '0.14', 2, 27),
(196, 'Pieczen z kurczaka z serem zoltym', 205, '60.1', '16.0', '13.7', '2.3', '12.1', '8.8', 960, 233, 83, 194, 29, '0.9', '1.12', '0.09', '0.13', 2, 27),
(197, 'Poledwica z piersi kurczaka', 93, '75.9', '20.4', '19.6', '0.8', '1.2', '0.0', 705, 366, 7, 226, 36, '0.5', '0.47', '0.03', '0.02', 2, 21),
(198, 'Szynka delikatesowa z kurczaka', 124, '73.4', '18.2', '16.6', '1.6', '5.6', '0.0', 797, 331, 11, 203, 30, '1.1', '1.60', '0.11', '0.05', 2, 22),
(199, 'Szynka z piersi kurczaka', 98, '74.3', '21.2', '20.2', '1.0', '1.2', '0.2', 933, 380, 8, 234, 39, '0.5', '0.49', '0.04', '0.03', 2, 22),
(200, 'Szynka z udzca kurczaka', 117, '74.8', '17.2', '15.6', '1.6', '5.3', '0.0', 769, 321, 11, 202, 30, '0.8', '1.27', '0.11', '0.04', 2, 22),
(201, 'Dorsz swiezy', 78, '80.4', '17.7', '17.7', '0.0', '0.7', '0.0', 72, 356, 9, 184, 25, '0.4', '0.50', '0.05', '0.02', 3, 28),
(202, 'Dorsz swiezy, filety bez skory', 70, '81.7', '16.5', '16.5', '0.0', '0.3', '0.0', 89, 364, 7, 145, 29, '0.6', '0.46', '0.06', '0.01', 3, 28),
(203, 'Fladra swieza', 83, '80.4', '16.5', '16.5', '0.0', '1.8', '0.0', 92, 332, 27, 200, 24, '0.4', '0.50', '0.05', '0.04', 3, 29),
(204, 'Gladzica-plastuga swieza', 86, '79.7', '17.1', '17.1', '0.0', '1.9', '0.0', 104, 311, 61, 198, 22, '0.6', '0.50', '0.05', '0.03', 3, 29),
(205, 'Halibut bialy, swiezy', 98, '76.7', '20.1', '20.1', '0.0', '1.9', '0.0', 67, 446, 14, 202, 28, '0.5', '0.40', '0.20', '0.01', 3, 30),
(206, 'Karp swiezy', 110, '76.6', '18.0', '18.0', '0.0', '4.2', '0.0', 30, 387, 10, 215, 12, '0.7', '0.90', '0.10', '0.05', 3, 31),
(207, 'losos swiezy', 201, '65.5', '19.9', '19.9', '0.0', '13.6', '0.0', 51, 371, 13, 266, 29, '1.0', '0.80', '0.06', '0.02', 3, 32),
(208, 'Makrela swieza', 181, '68.1', '18.7', '18.7', '0.0', '11.9', '0.0', 95, 396, 12, 244, 30, '1.0', '0.39', '0.16', '0.04', 3, 33),
(209, 'Mintaj swiezy', 73, '81.7', '16.6', '16.6', '0.0', '0.6', '0.0', 99, 330, 9, 280, 43, '0.2', '0.40', '0.04', '0.01', 3, 34),
(210, 'Morszczuk swiezy', 89, '79.4', '17.2', '17.2', '0.0', '2.2', '0.0', 100, 270, 41, 142, 23, '0.5', '0.30', '0.03', '0.02', 3, 35),
(211, 'Okon swiezy', 82, '79.5', '18.4', '18.4', '0.0', '0.8', '0.0', 47, 330, 20, 220, 26, '0.6', '0.81', '0.04', '0.06', 3, 36),
(212, 'Pstrag strumieniowy, swiezy', 97, '77.5', '19.2', '19.2', '0.0', '2.1', '0.0', 53, 348, 24, 190, 26, '0.4', '0.40', '0.04', '0.03', 3, 37),
(213, 'Pstrag teczowy, swiezy', 160, '70.6', '18.6', '18.6', '0.0', '9.6', '0.0', 52, 420, 18, 245, 25, '0.4', '0.48', '0.05', '0.02', 3, 37),
(214, 'Sandacz swiezy', 84, '78.9', '19.2', '19.2', '0.0', '0.7', '0.0', 57, 340, 49, 220, 29, '0.8', '0.57', '0.04', '0.05', 3, 38),
(215, 'Sardynka swieza', 168, '68.2', '20.6', '20.6', '0.0', '9.6', '0.0', 120, 360, 84, 270, 31, '1.4', '1.00', '0.12', '0.06', 3, 39),
(216, 'Sola swieza', 83, '80.0', '17.5', '17.5', '0.0', '1.4', '0.0', 100, 309, 29, 195, 49, '0.8', '0.40', '0.02', '0.01', 3, 40),
(217, 'Szczupak swiezy', 82, '79.8', '18.4', '18.4', '0.0', '0.8', '0.0', 63, 304, 20, 215, 27, '0.6', '0.66', '0.06', '0.04', 3, 41),
(218, 'sledz swiezy', 161, '70.9', '16.3', '16.3', '0.0', '10.7', '0.0', 89, 239, 32, 219, 24, '0.9', '1.12', '0.23', '0.02', 3, 42),
(219, 'sledz solony', 217, '48.8', '19.8', '19.8', '0.0', '15.4', '0.0', 5930, 240, 62, 341, 39, '1.1', '0.95', '0.17', '0.02', 3, 42),
(220, 'Tunczyk swiezy', 137, '70.6', '23.7', '23.7', '0.0', '4.6', '0.0', 43, 356, 10, 200, 33, '1.0', '0.70', '0.15', '0.02', 3, 43),
(221, 'Wegorz swiezy', 278, '59.6', '15.0', '15.0', '0.0', '24.5', '0.0', 65, 217, 17, 223, 21, '0.6', '1.75', '0.09', '0.03', 3, 44),
(222, 'Dorsz wedzony', 94, '75.4', '22.1', '22.1', '0.0', '0.5', '0.0', 1170, 300, 20, 262, 15, '1.0', '0.53', '0.06', '0.02', 3, 28),
(223, 'losos wedzony', 162, '63.1', '21.5', '21.5', '0.0', '8.4', '0.0', 1470, 330, 15, 250, 30, '0.5', '0.43', '0.09', '0.04', 3, 32),
(224, 'Makrela wedzona', 221, '61.8', '20.7', '20.7', '0.0', '15.5', '0.0', 1170, 275, 5, 240, 30, '1.2', '0.39', '0.16', '0.04', 3, 33),
(225, 'Pikling', 215, '60.6', '21.8', '21.8', '0.0', '14.3', '0.0', 1170, 285, 32, 254, 33, '1.4', '1.68', '0.33', '0.04', 3, 42),
(226, 'Wegorz wedzony', 326, '51.3', '17.9', '17.9', '0.0', '28.6', '0.0', 500, 243, 19, 250, 18, '0.7', '0.47', '0.12', '0.03', 3, 44),
(227, 'Paprykarz Szczecinski', 178, '67.0', '9.9', '8.6', '1.3', '11.9', '8.6', 595, 327, 15, 147, 27, '0.7', '0.51', '0.07', '0.14', 3, 45),
(228, 'Pasztet z ryb wedzonych', 151, '72.2', '12.9', '12.7', '0.2', '10.6', '1.2', 669, 209, 43, 184, 24, '1.1', '1.09', '0.17', '0.07', 3, 45),
(229, 'Pasztet rybny homogenizowany', 265, '56.4', '10.6', '9.5', '1.1', '21.3', '8.8', 658, 226, 28, 145, 24, '0.9', '0.88', '0.16', '0.10', 3, 45),
(230, 'Salatka z dorsza', 187, '66.2', '9.8', '8.8', '1.0', '13.9', '7.2', 684, 370, 19, 153, 29, '0.7', '0.46', '0.07', '0.09', 3, 28),
(231, 'Salatka pikantna z makreli', 181, '67.0', '10.2', '8.9', '1.3', '13.2', '6.9', 621, 425, 25, 141, 31, '0.9', '0.46', '0.12', '0.12', 3, 33),
(232, 'Sardynka w oleju', 221, '58.4', '24.1', '24.1', '0.0', '13.9', '0.0', 366, 388, 330, 430, 46, '2.7', '2.20', '0.11', '0.09', 3, 39),
(233, 'Sardynka w pomidorach', 162, '69.6', '17.0', '17.0', '0.0', '9.9', '1.4', 350, 410, 250, 420, 39, '2.9', '2.40', '0.16', '0.11', 3, 39),
(234, 'sledz marynowany', 192, '64.9', '16.5', '16.5', '0.0', '12.6', '3.4', 1090, 74, 18, 149, 12, '0.7', '0.53', '0.12', '0.02', 3, 42),
(235, 'sledz w oleju', 301, '53.8', '16.4', '16.4', '0.0', '26.5', '0.0', 562, 241, 33, 221, 28, '0.9', '1.13', '0.24', '0.02', 3, 42),
(236, 'sledz w sosie pomidorowym', 159, '68.7', '13.8', '13.2', '0.6', '9.7', '4.6', 548, 288, 32, 186, 28, '0.9', '1.01', '0.20', '0.05', 3, 42),
(237, 'Tunczyk w oleju', 190, '61.6', '27.1', '27.1', '0.0', '9.0', '0.0', 515, 248, 12, 294, 33, '1.2', '0.61', '0.23', '0.05', 3, 43),
(238, 'Tunczyk w wodzie', 96, '75.8', '21.0', '21.0', '0.0', '1.2', '0.0', 515, 182, 13, 170, 43, '1.4', '0.88', '0.04', '0.02', 3, 43),
(239, 'sledz w smietanie', 96, '82.1', '5.5', '5.1', '0.4', '6.2', '5.3', 37, 145, 46, 84, 12, '0.5', '0.46', '0.09', '0.05', 3, 42),
(240, 'sledzie zawijane (rolmopsy)', 104, '80.4', '8.0', '7.5', '0.5', '7.0', '3.0', 231, 161, 25, 113, 22, '0.6', '0.68', '0.13', '0.07', 3, 42),
(241, 'Olej krokoszowy', 884, '0.0', '0.0', '0.0', '0.0', '100.0', '0.0', 0, 0, 0, 0, 0, '0.0', '0.00', '0.00', '0.00', 4, 46),
(242, 'Olej kukurydziany', 884, '0.0', '0.0', '0.0', '0.0', '100.0', '0.0', 1, 1, 15, 0, 0, '0.1', '0.00', '0.00', '0.00', 4, 46),
(243, 'Olej palmowy', 884, '0.0', '0.0', '0.0', '0.0', '100.0', '0.0', 0, 0, 0, 0, 0, '0.0', '0.00', '0.00', '0.00', 4, 46),
(244, 'Olej rzepakowy o obnizonej zawartosci kwasu erukowego', 884, '0.0', '0.0', '0.0', '0.0', '100.0', '0.0', 0, 0, 0, 0, 0, '0.0', '0.00', '0.04', '0.00', 4, 46),
(245, 'Olej rzepakowy uniwersalny', 884, '0.0', '0.0', '0.0', '0.0', '100.0', '0.0', 0, 0, 0, 0, 0, '0.0', '0.00', '0.04', '0.00', 4, 46),
(246, 'Olej rzepakowy tloczony na zimno', 884, '0.0', '0.0', '0.0', '0.0', '100.0', '0.0', 0, 0, 0, 0, 0, '0.0', '0.00', '0.00', '0.00', 4, 46),
(247, 'Olej rzepakowo-sojowy', 884, '0.0', '0.0', '0.0', '0.0', '100.0', '0.0', 0, 0, 0, 0, 0, '0.0', '0.00', '0.00', '0.00', 4, 46),
(248, 'Olej sezamowy', 884, '0.0', '0.0', '0.0', '0.0', '100.0', '0.0', 2, 20, 10, 0, 0, '0.1', '0.00', '0.00', '0.00', 4, 46),
(249, 'Olej slonecznikowy', 884, '0.0', '0.0', '0.0', '0.0', '100.0', '0.0', 0, 0, 0, 0, 0, '0.1', '0.00', '0.02', '0.00', 4, 46),
(250, 'Olej sojowy', 884, '0.0', '0.0', '0.0', '0.0', '100.0', '0.0', 0, 0, 0, 0, 0, '0.0', '0.01', '0.00', '0.00', 4, 46),
(251, 'Olej z zarodkow pszennych', 884, '0.0', '0.0', '0.0', '0.0', '100.0', '0.0', 0, 0, 0, 0, 0, '0.0', '0.00', '0.00', '0.00', 4, 46),
(252, 'Oliwa z oliwek', 882, '0.2', '0.0', '0.0', '0.0', '99.6', '0.2', 1, 0, 0, 1, 0, '0.4', '0.06', '0.07', '0.00', 4, 47),
(253, 'Planta', 884, '0.0', '0.0', '0.0', '0.0', '100.0', '0.0', 0, 0, 0, 0, 0, '0.0', '0.00', '0.00', '0.00', 4, 50),
(254, 'Margaryna Bona', 442, '49.8', '0.0', '0.0', '0.0', '50.0', '0.0', 119, 0, 0, 0, 0, '0.0', '0.00', '0.01', '0.00', 4, 48),
(255, 'Margaryna Flora', 531, '39.8', '0.0', '0.0', '0.0', '60.0', '0.0', 119, 0, 0, 0, 0, '0.1', '0.00', '0.02', '0.00', 4, 48),
(256, 'Margaryna Kama', 398, '54.8', '0.0', '0.0', '0.0', '45.0', '0.0', 119, 0, 0, 0, 0, '0.0', '0.00', '0.01', '0.00', 4, 48),
(257, 'Margaryna Mini Light', 442, '50.0', '0.0', '0.0', '0.0', '50.0', '0.0', 0, 0, 0, 0, 0, '0.0', '0.00', '0.00', '0.00', 4, 48),
(258, 'Margaryna mleczna', 710, '19.1', '0.3', '0.3', '0.0', '80.0', '0.4', 119, 10, 9, 6, 1, '0.1', '0.02', '0.01', '0.01', 4, 48),
(259, 'Margaryna Palma', 710, '19.1', '0.3', '0.3', '0.0', '80.0', '0.4', 119, 10, 9, 6, 1, '0.1', '0.02', '0.01', '0.01', 4, 48),
(260, 'Margaryna Rama', 621, '29.4', '0.1', '0.1', '0.0', '70.0', '0.4', 122, 10, 5, 3, 0, '0.0', '0.00', '0.00', '0.00', 4, 48),
(261, 'Margaryna sloneczna', 710, '19.1', '0.3', '0.3', '0.0', '80.0', '0.4', 119, 7, 5, 4, 1, '0.1', '0.02', '0.00', '0.00', 4, 48),
(262, 'Margaryna sniadaniowa', 534, '39.2', '0.3', '0.3', '0.0', '60.0', '0.5', 3, 9, 8, 6, 1, '0.0', '0.02', '0.00', '0.00', 4, 48),
(263, 'Margaryna Tina', 398, '55.0', '0.0', '0.0', '0.0', '45.0', '0.0', 0, 0, 0, 0, 0, '0.0', '0.00', '0.00', '0.00', 4, 48),
(264, 'Margaryna zwykla', 710, '19.1', '0.3', '0.3', '0.0', '80.0', '0.4', 122, 10, 9, 6, 1, '0.1', '0.02', '0.01', '0.01', 4, 48),
(265, 'Maslo roslinne kubkowe', 666, '24.1', '0.3', '0.3', '0.0', '75.0', '0.4', 122, 10, 8, 5, 1, '0.1', '0.02', '0.01', '0.01', 4, 49),
(266, 'Maslo roslinne, kostka', 710, '19.1', '0.3', '0.3', '0.0', '80.0', '0.4', 122, 10, 9, 6, 1, '0.1', '0.02', '0.00', '0.00', 4, 49),
(267, 'Maslo roslinne Nova', 442, '49.9', '0.0', '0.0', '0.0', '50.0', '0.0', 119, 0, 0, 0, 0, '0.0', '0.00', '0.00', '0.00', 4, 49),
(268, 'Maslo extra', 735, '16.0', '0.7', '0.7', '0.0', '82.5', '0.7', 9, 25, 16, 12, 1, '0.1', '0.08', '0.01', '0.00', 4, 49),
(269, 'Maslo smietankowe', 659, '24.0', '1.1', '1.1', '0.0', '73.5', '1.1', 6, 15, 12, 12, 1, '0.1', '0.07', '0.01', '0.00', 4, 49),
(270, 'Slonina', 797, '8.5', '2.4', '2.4', '0.0', '89.0', '0.0', 23, 27, 1, 24, 2, '0.3', '0.06', '0.01', '0.00', 4, 50),
(271, 'Smalec', 880, '0.5', '0.0', '0.0', '0.0', '99.5', '0.0', 1, 1, 0, 1, 0, '0.1', '0.04', '0.00', '0.00', 4, 50),
(272, 'Finea Mix, niskotluszczowa', 533, '39.1', '0.3', '0.3', '0.0', '60.0', '0.3', 326, 4, 11, 10, 2, '0.1', '0.06', '0.01', '0.01', 4, 50),
(273, 'Maselko zakopianskie', 573, '34.0', '0.9', '0.9', '0.0', '64.0', '0.9', 5, 13, 10, 10, 1, '0.1', '0.06', '0.01', '0.00', 4, 49),
(274, 'Mlemix zambrowski', 573, '34.0', '0.9', '0.9', '0.0', '64.0', '0.9', 5, 12, 10, 10, 1, '0.1', '0.06', '0.01', '0.00', 4, 50),
(275, 'Maka pszenna, typ 500', 342, '14.5', '9.2', '0.0', '9.2', '1.2', '74.9', 2, 110, 18, 67, 10, '1.1', '0.56', '0.08', '0.25', 5, 51),
(276, 'Maka pszenna, typ 500, wzbogacona', 342, '14.5', '9.2', '0.0', '9.2', '1.2', '74.9', 2, 110, 68, 67, 10, '1.1', '0.56', '0.08', '0.25', 5, 51),
(277, 'Maka pszenna, typ 550', 343, '14.5', '9.4', '0.0', '9.4', '1.6', '74.1', 2, 136, 19, 92, 19, '1.3', '0.91', '0.12', '0.40', 5, 51),
(278, 'Maka pszenna, typ 750', 330, '14.5', '9.1', '0.0', '9.1', '1.8', '73.8', 3, 165, 20, 122, 31, '1.6', '1.36', '0.15', '0.62', 5, 51),
(279, 'Maka pszenna, typ 1850', 322, '14.5', '11.3', '0.0', '11.3', '2.3', '70.6', 3, 340, 34, 295, 98, '3.5', '3.05', '0.33', '2.40', 5, 51),
(280, 'Maka pszenna, typ 2000', 317, '14.5', '11.1', '0.0', '11.1', '2.4', '70.5', 4, 340, 37, 330, 120, '3.8', '3.49', '0.37', '2.65', 5, 51),
(281, 'Maka zytnia, typ 580', 327, '14.5', '5.5', '0.0', '5.5', '1.5', '78.1', 2, 155, 19, 91, 21, '1.1', '1.04', '0.09', '0.70', 5, 52),
(282, 'Maka zytnia, typ 720', 327, '14.5', '5.9', '0.0', '5.9', '1.7', '77.4', 2, 190, 21, 113, 29, '1.4', '1.50', '0.17', '1.24', 5, 52),
(283, 'Maka zytnia, typ 1400', 325, '14.5', '7.0', '0.0', '7.0', '2.2', '75.4', 2, 313, 32, 224, 63, '2.5', '3.10', '0.25', '3.56', 5, 52),
(284, 'Maka zytnia, typ 1850', 321, '14.5', '7.3', '0.0', '7.3', '2.2', '75.0', 3, 361, 33, 258, 76, '3.1', '3.70', '0.33', '4.12', 5, 52),
(285, 'Maka zytnia, typ 2000', 319, '14.5', '7.9', '0.0', '7.9', '2.2', '74.2', 3, 420, 37, 302, 89, '3.4', '3.84', '0.35', '4.24', 5, 52),
(286, 'Semolina', 346, '13.2', '10.1', '0.0', '10.1', '1.3', '75.0', 1, 170, 18, 110, 32, '1.0', '0.60', '0.15', '0.60', 5, 51),
(287, 'Skrobia kukurydziana', 353, '11.2', '0.2', '0.0', '0.2', '0.0', '88.5', 2, 7, 11, 14, 3, '0.2', '0.07', '0.01', '0.01', 5, 62),
(288, 'Ziarno pszenicy', 317, '14.5', '11.1', '0.0', '11.1', '2.4', '70.5', 4, 340, 37, 330, 120, '3.8', '3.49', '0.37', '2.65', 5, 53),
(289, 'Ziarno zyta', 319, '14.5', '7.9', '0.0', '7.9', '2.2', '74.2', 3, 420, 37, 302, 89, '3.4', '3.84', '0.35', '4.24', 5, 53),
(290, 'Kasza gryczana', 336, '13.0', '12.6', '0.0', '12.6', '3.1', '69.3', 5, 443, 25, 459, 218, '2.8', '3.50', '0.41', '2.04', 5, 54),
(291, 'Kasza jaglana', 346, '14.0', '10.5', '0.0', '10.5', '2.9', '71.6', 5, 220, 10, 240, 100, '4.8', '3.40', '0.78', '1.61', 5, 54),
(292, 'Kasza jeczmienna perlowa', 327, '15.0', '6.9', '0.0', '6.9', '2.2', '75.0', 4, 264, 20, 206, 45, '1.6', '0.92', '0.18', '0.75', 5, 54),
(293, 'Kasza jeczmienna, peczak', 334, '13.6', '8.4', '0.0', '8.4', '2.0', '74.9', 5, 228, 20, 181, 45, '1.9', '0.92', '0.18', '0.75', 5, 54),
(294, 'Kasza manna', 348, '13.0', '8.7', '0.0', '8.7', '1.3', '76.7', 3, 116, 17, 93, 18, '0.9', '0.85', '0.10', '0.36', 5, 54),
(295, 'Ryz bialy', 344, '13.0', '6.7', '0.0', '6.7', '0.7', '78.9', 6, 111, 10, 135, 13, '0.8', '1.73', '0.17', '1.01', 5, 55),
(296, 'Ryz brazowy', 322, '13.0', '7.1', '0.0', '7.1', '1.9', '76.8', 10, 260, 32, 250, 110, '1.3', '1.50', '0.18', '2.40', 5, 55),
(297, 'Makaron bezjajeczny', 363, '9.5', '10.0', '0.0', '10.0', '1.6', '78.5', 2, 149, 20, 100, 22, '1.3', '0.91', '0.13', '0.46', 5, 56),
(298, 'Makaron bezjajeczny z semoliny', 366, '8.1', '10.7', '0.0', '10.7', '1.4', '79.4', 1, 180, 19, 116, 34, '1.1', '0.64', '0.16', '0.64', 5, 56),
(299, 'Makaron dwujajeczny', 373, '8.0', '11.5', '1.4', '10.1', '2.6', '77.4', 17, 173, 24, 127, 21, '1.6', '1.15', '0.13', '0.43', 5, 56),
(300, 'Makaron czterojajeczny', 377, '7.8', '12.0', '2.3', '9.7', '3.4', '76.2', 28, 187, 29, 145, 29, '1.7', '1.17', '0.16', '0.53', 5, 56),
(301, 'Makaron dwujajeczny z semoliny', 374, '7.4', '11.9', '1.4', '10.5', '2.4', '77.8', 16, 191, 24, 136, 34, '1.3', '0.81', '0.16', '0.63', 5, 56),
(302, 'Chleb zytni pelnoziarnisty', 237, '35.4', '6.7', '1.1', '5.6', '1.8', '53.9', 454, 356, 66, 245, 71, '2.5', '2.86', '0.26', '3.01', 5, 57),
(303, 'Chleb zytni jasny', 241, '36.1', '4.0', '0.0', '4.0', '1.3', '57.1', 455, 115, 14, 68, 19, '0.8', '0.77', '0.07', '0.52', 5, 57),
(304, 'Chleb zytni jasny mleczny', 253, '33.5', '4.8', '0.8', '4.0', '1.8', '58.3', 467, 145, 41, 86, 21, '0.8', '0.83', '0.07', '0.52', 5, 57),
(305, 'Chleb zytni pytlowy', 239, '36.3', '4.4', '0.0', '4.4', '1.5', '56.2', 449, 147, 16, 92, 28, '1.1', '1.15', '0.13', '0.97', 5, 57),
(306, 'Chleb zytni razowy', 223, '39.2', '5.6', '0.0', '5.6', '1.7', '51.5', 457, 279, 25, 204, 64, '2.3', '2.54', '0.24', '2.74', 5, 57),
(307, 'Chleb zytni razowy litewski', 233, '37.2', '6.3', '1.1', '5.2', '1.7', '52.9', 358, 314, 61, 215, 61, '2.2', '2.49', '0.23', '2.55', 5, 57),
(308, 'Chleb zytni razowy na miodzie', 234, '37.2', '5.3', '0.0', '5.3', '1.6', '54.2', 347, 260, 24, 187, 57, '2.1', '2.37', '0.22', '2.55', 5, 57),
(309, 'Chleb zytni razowy wytrawny', 227, '38.2', '6.7', '1.4', '5.3', '1.7', '51.1', 507, 334, 71, 227, 65, '2.3', '2.57', '0.23', '2.60', 5, 57),
(310, 'Chleb zytni razowy z soja i slonecznikiem', 244, '35.7', '7.9', '0.1', '7.8', '3.7', '50.5', 391, 411, 41, 248, 78, '2.8', '2.61', '0.35', '2.72', 5, 57),
(311, 'Chleb zytni sitkowy', 229, '38.2', '5.2', '0.0', '5.2', '1.5', '53.2', 465, 217, 23, 159, 49, '1.8', '2.12', '0.18', '2.36', 5, 57),
(312, 'Chleb zytni starogardzki', 223, '41.0', '4.2', '0.1', '4.1', '1.3', '52.1', 409, 128, 15, 78, 24, '1.0', '1.01', '0.12', '0.78', 5, 57),
(313, 'Chleb staropolski', 219, '41.0', '5.0', '0.0', '5.0', '1.7', '50.5', 447, 232, 22, 166, 52, '2.0', '2.34', '0.21', '2.54', 5, 58),
(314, 'Chleb zytni wilenski', 225, '40.4', '4.4', '0.0', '4.4', '1.5', '52.3', 353, 179, 19, 124, 37, '1.4', '1.70', '0.15', '1.86', 5, 58),
(315, 'Pumpernikiel', 252, '32.0', '5.8', '0.0', '5.8', '2.0', '58.3', 395, 310, 28, 222, 68, '2.5', '2.83', '0.26', '3.13', 5, 58),
(316, 'Chleb baltonowski', 246, '35.1', '5.9', '0.1', '5.8', '1.5', '55.9', 434, 136, 16, 91, 26, '1.2', '1.08', '0.12', '0.65', 5, 58),
(317, 'Chleb chrupki', 353, '8.0', '8.7', '0.0', '8.7', '2.4', '78.9', 272, 448, 42, 331, 100, '4.0', '4.10', '0.37', '4.53', 5, 58),
(318, 'Chleb mazowiecki', 248, '34.4', '6.3', '0.1', '6.2', '1.4', '56.3', 394, 140, 16, 98, 29, '1.3', '1.12', '0.12', '0.66', 5, 58),
(319, 'Chleb mieszany slonecznikowy', 246, '38.1', '6.4', '0.1', '6.3', '4.5', '49.2', 387, 233, 28, 182, 63, '1.8', '1.92', '0.27', '2.03', 5, 58),
(320, 'Chleb mieszany z soja', 232, '39.0', '6.8', '0.1', '6.7', '2.7', '49.6', 386, 303, 33, 167, 50, '2.0', '1.83', '0.23', '1.86', 5, 58),
(321, 'Chleb mleczny', 251, '33.8', '6.6', '0.9', '5.7', '1.5', '56.4', 397, 175, 46, 112, 29, '1.2', '1.16', '0.12', '0.65', 5, 58),
(322, 'Chleb naleczowski', 244, '35.3', '5.7', '0.1', '5.6', '1.3', '56.2', 389, 142, 16, 96, 28, '1.2', '1.13', '0.13', '0.75', 5, 58),
(323, 'Chleb poleski', 249, '34.6', '6.3', '0.1', '6.2', '2.1', '55.3', 391, 199, 22, 155, 46, '1.7', '1.81', '0.18', '1.84', 5, 58),
(324, 'Chleb praski', 244, '35.3', '5.7', '0.1', '5.6', '1.3', '56.2', 389, 142, 16, 96, 28, '1.2', '1.13', '0.13', '0.75', 5, 58),
(325, 'Chleb wiejski', 241, '36.3', '5.8', '0.1', '5.7', '1.3', '55.1', 371, 136, 17, 96, 28, '1.2', '1.08', '0.12', '0.69', 5, 58),
(326, 'Chleb wielkopolski', 250, '33.5', '6.0', '0.1', '5.9', '1.5', '57.3', 431, 162, 17, 113, 33, '1.3', '1.42', '0.14', '1.12', 5, 58),
(327, 'Chleb zakopianski', 261, '31.7', '6.8', '1.1', '5.7', '1.9', '57.9', 404, 185, 52, 122, 32, '1.3', '1.23', '0.13', '0.76', 5, 58),
(328, 'Chleb zwykly', 245, '34.8', '5.4', '0.1', '5.3', '1.3', '57.0', 391, 148, 17, 98, 29, '1.2', '1.17', '0.13', '0.84', 5, 58),
(329, 'Bagietki francuskie', 283, '28.1', '7.9', '0.3', '7.6', '1.7', '60.1', 708, 124, 17, 81, 22, '1.2', '0.80', '0.10', '0.35', 5, 60),
(330, 'Bulki grahamki', 258, '31.1', '8.2', '0.1', '8.1', '1.7', '56.9', 474, 228, 24, 191, 65, '2.3', '2.00', '0.22', '1.48', 5, 59),
(331, 'Bulki pszenne zwykle', 272, '31.4', '7.3', '0.1', '7.2', '1.5', '58.5', 377, 112, 15, 74, 18, '1.1', '0.74', '0.10', '0.33', 5, 59),
(332, 'Bulka tarta', 347, '10.0', '9.7', '0.1', '9.6', '1.9', '77.6', 503, 202, 27, 165, 42, '2.2', '1.62', '0.19', '1.06', 5, 59),
(333, 'Chleb Graham', 226, '39.4', '7.6', '0.1', '7.5', '1.7', '49.4', 432, 215, 22, 182, 62, '2.2', '1.90', '0.21', '1.42', 5, 59),
(334, 'Chleb pszenny', 249, '34.0', '6.8', '0.1', '6.7', '1.4', '56.0', 454, 137, 16, 100, 30, '1.3', '1.10', '0.12', '0.57', 5, 58),
(335, 'Chleb pszenny z ziarnem pszenicy', 228, '38.5', '7.7', '0.2', '7.5', '1.8', '50.0', 411, 224, 23, 197, 69, '2.4', '2.07', '0.22', '1.52', 5, 58),
(336, 'Buleczki do hot dogow', 339, '21.6', '8.7', '1.7', '7.0', '7.5', '60.6', 433, 154, 40, 105, 22, '1.3', '0.93', '0.10', '0.33', 5, 59),
(337, 'Bulki mleczne', 313, '24.4', '8.3', '0.9', '7.4', '4.5', '61.2', 433, 149, 40, 96, 22, '1.2', '0.86', '0.10', '0.36', 5, 59),
(338, 'Bulki owsiane', 304, '26.0', '8.7', '1.1', '7.6', '4.5', '59.1', 417, 198, 53, 153, 39, '1.5', '1.20', '0.17', '0.93', 5, 59),
(339, 'Bulki sojowe', 328, '19.8', '9.7', '0.8', '8.9', '4.2', '64.6', 429, 225, 47, 119, 31, '1.5', '1.00', '0.15', '0.47', 5, 59),
(340, 'Bulki wroclawskie', 293, '29.7', '7.2', '0.2', '7.0', '4.4', '57.4', 400, 111, 15, 73, 18, '1.1', '0.73', '0.09', '0.32', 5, 59),
(341, 'Kajzerki', 295, '28.0', '7.5', '0.2', '7.3', '3.6', '59.4', 464, 116, 16, 77, 19, '1.1', '0.77', '0.10', '0.34', 5, 59),
(342, 'Pieczywo tostowe', 305, '26.6', '8.1', '1.2', '6.9', '4.7', '58.8', 488, 161, 47, 100, 23, '1.2', '0.86', '0.10', '0.34', 5, 60),
(343, 'Strucle wroclawskie', 302, '28.0', '8.1', '1.6', '6.5', '4.8', '57.6', 387, 158, 56, 102, 22, '1.1', '0.83', '0.10', '0.31', 5, 60),
(344, 'Pieczywo tostowe Graham', 273, '32.7', '7.5', '0.2', '7.3', '4.2', '53.8', 543, 152, 18, 113, 35, '1.5', '1.11', '0.13', '0.76', 5, 60),
(345, 'Bulki i rogale maslane', 326, '23.2', '7.7', '1.0', '6.7', '5.9', '61.8', 396, 133, 33, 88, 20, '1.1', '0.80', '0.10', '0.33', 5, 59),
(346, 'Chalki zdobne', 332, '23.4', '7.0', '0.5', '6.5', '7.0', '61.6', 278, 113, 15, 74, 17, '1.1', '0.74', '0.09', '0.31', 5, 60),
(347, 'Pieczywo polfrancuskie z dzemem', 409, '7.5', '7.6', '1.2', '6.4', '9.9', '73.7', 285, 203, 47, 94, 22, '1.5', '0.81', '0.13', '0.34', 5, 60),
(348, 'Pieczywo polfrancuskie z serem', 394, '11.5', '9.9', '3.6', '6.3', '10.0', '67.3', 290, 149, 51, 120, 20, '1.1', '0.93', '0.10', '0.31', 5, 60),
(349, 'Rogale kruche', 338, '22.1', '7.6', '0.7', '6.9', '7.5', '61.4', 406, 128, 25, 85, 20, '1.1', '0.80', '0.10', '0.33', 5, 60),
(350, 'Chrupki kukurydziane', 352, '8.3', '8.9', '0.0', '8.9', '3.0', '78.9', 12, 206, 3, 223, 65, '1.8', '0.93', '0.08', '0.26', 5, 62),
(351, 'Musli z owocami suszonymi', 325, '14.1', '8.4', '0.0', '8.4', '3.4', '72.2', 101, 564, 49, 260, 93, '3.1', '2.17', '0.40', '2.27', 5, 61),
(352, 'Musli z rodzynkami i orzechami', 375, '10.8', '11.5', '0.0', '11.5', '12.7', '62.9', 122, 443, 71, 381, 136, '3.9', '3.01', '0.55', '3.29', 5, 61),
(353, 'Otreby pszenne', 185, '11.5', '16.0', '0.0', '16.0', '4.6', '61.9', 9, 1121, 119, 1276, 490, '14.9', '8.85', '0.95', '10.00', 5, 61),
(354, 'Platki jeczmienne', 355, '4.8', '9.8', '0.0', '9.8', '3.6', '79.4', 651, 388, 31, 332, 90, '3.6', '2.00', '0.25', '0.96', 5, 61),
(355, 'Platki kukurydziane', 363, '4.4', '6.9', '0.0', '6.9', '2.5', '83.6', 1167, 100, 8, 40, 6, '0.8', '0.16', '0.05', '0.07', 5, 61),
(356, 'Platki kukurydziane wzbogacane', 363, '4.4', '6.9', '0.0', '6.9', '2.5', '83.6', 1167, 100, 8, 40, 6, '14.0', '0.16', '0.05', '0.07', 5, 61),
(357, 'Platki owsiane', 366, '10.0', '11.9', '0.0', '11.9', '7.2', '69.3', 5, 379, 54, 433, 129, '3.9', '3.10', '0.55', '4.19', 5, 61),
(358, 'Platki pszenne', 351, '4.7', '9.0', '0.0', '9.0', '3.0', '81.0', 644, 360, 31, 317, 97, '3.4', '2.46', '0.36', '1.72', 5, 61),
(359, 'Platki zytnie', 343, '5.4', '6.4', '0.0', '6.4', '3.2', '82.6', 662, 422, 28, 302, 88, '2.7', '2.51', '0.30', '2.73', 5, 61);
INSERT INTO `food` (`id`, `nazwa_produktu`, `wartosc_energetyczna_kcal`, `woda_g`, `bialko_ogolem_g`, `bialko_zwierzece_g`, `bialko_roslinne_g`, `tluszcz_g`, `weglowodany_g`, `sod_mg`, `potas_mg`, `wapn_mg`, `fosfor_mg`, `magnez_mg`, `zelazo_mg`, `cynk_mg`, `miedz_mg`, `mangan_mg`, `category_id`, `subcategory_id`) VALUES
(360, 'Ryz preparowany', 361, '7.7', '6.3', '0.0', '6.3', '1.6', '84.1', 3, 113, 6, 98, 52, '0.6', '1.10', '0.33', '1.00', 5, 55),
(361, 'Zarodki pszenne', 323, '13.2', '27.5', '0.0', '27.5', '9.4', '45.5', 3, 1024, 51, 1070, 314, '9.0', '14.96', '0.91', '17.24', 5, 53),
(362, 'Paszteciki drozdzowe z miesem', 308, '43.0', '8.4', '4.4', '4.0', '18.4', '28.8', 507, 188, 32, 119, 18, '1.3', '1.01', '0.12', '0.21', 12, 190),
(363, 'Pizza miesno-ziolowa', 327, '30.5', '16.5', '11.3', '5.2', '13.4', '36.8', 710, 346, 315, 266, 38, '2.3', '1.68', '0.14', '0.32', 12, 196),
(364, 'Pizza z pieczarkami i cebula', 289, '40.5', '12.0', '7.3', '4.7', '13.3', '32.1', 376, 309, 276, 226, 32, '2.0', '1.20', '0.19', '0.28', 12, 196),
(365, 'Baklazan', 21, '91.9', '1.1', '0.0', '1.1', '0.1', '6.3', 2, 305, 18, 33, 16, '0.6', '0.20', '0.01', '0.10', 6, 63),
(366, 'Bocwina', 17, '89.8', '2.1', '0.0', '2.1', '0.5', '5.5', 56, 548, 97, 36, 43, '2.2', '1.00', '0.18', '0.26', 6, 64),
(367, 'Bob', 66, '77.3', '7.1', '0.0', '7.1', '0.4', '14.0', 7, 261, 60, 57, 24, '1.9', '1.62', '0.10', '0.39', 6, 65),
(368, 'Brokuly', 27, '90.5', '3.0', '0.0', '3.0', '0.4', '5.2', 7, 385, 48, 66, 23, '0.9', '0.40', '0.03', '0.53', 6, 66),
(369, 'Brukselka', 37, '84.8', '4.7', '0.0', '4.7', '0.5', '8.7', 10, 416, 57, 33, 21, '0.9', '0.86', '0.07', '0.45', 6, 67),
(370, 'Burak', 38, '87.6', '1.8', '0.0', '1.8', '0.1', '9.5', 52, 348, 41, 17, 17, '1.7', '0.57', '0.10', '0.44', 6, 68),
(371, 'Cebula', 30, '90.8', '1.4', '0.0', '1.4', '0.4', '6.9', 6, 121, 25, 14, 8, '0.5', '0.24', '0.06', '0.17', 6, 69),
(372, 'Chrzan', 67, '75.0', '4.5', '0.0', '4.5', '0.6', '18.1', 7, 740, 78, 120, 43, '1.2', '1.40', '0.23', '0.46', 6, 70),
(373, 'Cukinia', 15, '95.0', '1.2', '0.0', '1.2', '0.1', '3.2', 3, 250, 15, 32, 22, '0.4', '0.30', '0.08', '0.16', 6, 71),
(374, 'Cykoria', 21, '93.1', '1.7', '0.0', '1.7', '0.2', '4.1', 6, 237, 32, 32, 15, '0.9', '0.23', '0.17', '0.37', 6, 72),
(375, 'Czosnek', 146, '59.0', '6.4', '0.0', '6.4', '0.5', '32.6', 17, 400, 41, 153, 25, '1.7', '1.00', '0.26', '0.46', 6, 73),
(376, 'Dynia', 28, '89.9', '1.3', '0.0', '1.3', '0.3', '7.7', 4, 278, 66, 43, 14, '0.8', '0.38', '0.15', '0.04', 6, 193),
(377, 'Fasola biala, nasiona suche', 288, '11.5', '21.4', '0.0', '21.4', '1.6', '61.6', 19, 1188, 163, 437, 169, '6.9', '3.77', '0.48', '2.00', 6, 75),
(378, 'Fasola mung, kielki', 29, '90.0', '3.0', '0.0', '3.0', '0.4', '6.2', 2, 132, 13, 45, 17, '0.7', '0.47', '0.10', '0.12', 6, 75),
(379, 'Fasola szparagowa', 27, '89.1', '2.4', '0.0', '2.4', '0.2', '7.6', 6, 264, 65, 44, 22, '1.1', '0.61', '0.10', '0.22', 6, 75),
(380, 'Groch, nasiona suche', 293, '11.6', '23.8', '0.0', '23.8', '1.4', '60.2', 30, 937, 57, 388, 124, '4.7', '4.20', '0.50', '2.03', 6, 76),
(381, 'Groszek zielony', 76, '75.0', '6.7', '0.0', '6.7', '0.4', '17.0', 2, 353, 22, 122, 29, '1.9', '1.40', '0.30', '0.63', 6, 76),
(382, 'Jarmuz', 29, '88.4', '3.3', '0.0', '3.3', '0.7', '6.1', 12, 530, 157, 56, 30, '1.7', '0.44', '0.09', '0.55', 6, 77),
(383, 'Kalafior', 22, '91.5', '2.4', '0.0', '2.4', '0.2', '5.0', 26, 214, 13, 28, 11, '0.6', '0.23', '0.04', '0.23', 6, 78),
(384, 'Kalarepa', 29, '89.9', '2.2', '0.0', '2.2', '0.3', '6.5', 8, 304, 42, 46, 10, '0.9', '0.26', '0.16', '0.15', 6, 79),
(385, 'Kapusta biala', 29, '89.8', '1.7', '0.0', '1.7', '0.2', '7.4', 19, 228, 67, 33, 13, '0.3', '0.32', '0.03', '0.23', 6, 80),
(386, 'Kapusta czerwona', 27, '90.3', '1.9', '0.0', '1.9', '0.2', '6.7', 11, 269, 46, 31, 12, '0.5', '0.43', '0.09', '0.24', 6, 80),
(387, 'Kapusta pekinska', 12, '94.4', '1.2', '0.0', '1.2', '0.2', '3.2', 9, 150, 45, 37, 15, '0.3', '0.28', '0.04', '0.15', 6, 80),
(388, 'Kapusta wloska', 38, '87.3', '3.3', '0.0', '3.3', '0.4', '7.8', 9, 306, 77, 49, 16, '0.4', '0.27', '0.09', '0.31', 6, 80),
(389, 'Koper ogrodowy', 26, '89.0', '2.8', '0.0', '2.8', '0.4', '6.1', 7, 396, 64, 51, 14, '2.7', '2.60', '0.12', '0.50', 6, 81),
(390, 'Kukurydza, kolby', 110, '70.9', '3.7', '0.0', '3.7', '1.5', '23.4', 7, 283, 6, 102, 37, '0.8', '0.40', '0.04', '0.20', 6, 82),
(391, 'Marchew', 27, '89.7', '1.0', '0.0', '1.0', '0.2', '8.7', 82, 282, 36, 32, 16, '0.5', '0.34', '0.10', '0.19', 6, 83),
(392, 'Ogorek', 13, '95.8', '0.7', '0.0', '0.7', '0.1', '2.9', 11, 125, 15, 23, 8, '0.2', '0.24', '0.11', '0.08', 6, 84),
(393, 'Papryka czerwona', 28, '91.0', '1.3', '0.0', '1.3', '0.5', '6.6', 3, 255, 13, 31, 11, '0.6', '0.26', '0.08', '0.10', 6, 85),
(394, 'Papryka zielona', 18, '93.5', '1.1', '0.0', '1.1', '0.3', '4.6', 2, 176, 12, 23, 9, '0.5', '0.24', '0.08', '0.10', 6, 85),
(395, 'Pasternak', 56, '81.0', '1.6', '0.0', '1.6', '0.6', '15.5', 3, 490, 41, 73, 25, '0.7', '0.51', '0.14', '0.40', 6, 86),
(396, 'Pietruszka, korzen', 38, '85.3', '2.6', '0.0', '2.6', '0.5', '10.5', 49, 399, 43, 77, 27, '1.1', '0.60', '0.14', '0.58', 6, 87),
(397, 'Pietruszka, liscie', 41, '84.5', '4.4', '0.0', '4.4', '0.4', '9.0', 39, 695, 193, 84, 69, '5.0', '0.98', '0.61', '0.42', 6, 87),
(398, 'Pomidor', 15, '94.8', '0.9', '0.0', '0.9', '0.2', '3.6', 8, 282, 9, 21, 8, '0.5', '0.26', '0.06', '0.06', 6, 88),
(399, 'Por', 24, '90.9', '2.2', '0.0', '2.2', '0.3', '5.7', 6, 248, 48, 52, 11, '1.1', '0.69', '0.13', '0.18', 6, 89),
(400, 'Rabarbar', 9, '94.1', '0.5', '0.0', '0.5', '0.1', '4.6', 2, 136, 52, 24, 13, '0.6', '0.13', '0.05', '0.16', 6, 90),
(401, 'Rzepa', 26, '89.7', '1.1', '0.0', '1.1', '0.3', '8.2', 17, 280, 40, 34, 10, '0.5', '0.14', '0.10', '0.07', 6, 91),
(402, 'Rzodkiewka', 14, '93.8', '1.0', '0.0', '1.0', '0.2', '4.4', 11, 236, 29, 19, 7, '0.8', '0.26', '0.04', '0.09', 6, 92),
(403, 'Salata', 14, '94.5', '1.4', '0.0', '1.4', '0.2', '2.9', 4, 134, 24, 21, 9, '0.7', '0.44', '0.04', '0.28', 6, 93),
(404, 'Seler korzeniowy', 21, '89.5', '1.6', '0.0', '1.6', '0.3', '7.7', 86, 320, 40, 80, 19, '0.5', '0.56', '0.05', '0.20', 6, 94),
(405, 'Seler naciowy', 13, '94.3', '1.0', '0.0', '1.0', '0.2', '3.6', 62, 320, 41, 26, 12, '0.4', '0.17', '0.04', '0.14', 6, 94),
(406, 'Soczewica czerwona, nasiona suche', 327, '11.9', '25.4', '0.0', '25.4', '3.0', '57.5', 2, 874, 46, 301, 71, '5.8', '3.34', '0.85', '1.35', 6, 95),
(407, 'Soczewica, kielki', 120, '67.3', '9.0', '0.0', '9.0', '0.6', '22.1', 9, 292, 29, 156, 43, '2.9', '1.52', '0.36', '0.51', 6, 95),
(408, 'Soja, nasiona suche', 382, '8.1', '34.3', '0.0', '34.3', '19.6', '32.7', 1, 2132, 240, 743, 216, '8.9', '3.46', '1.50', '2.49', 6, 96),
(409, 'Soja, kielki', 141, '69.0', '13.1', '0.0', '13.1', '6.7', '9.6', 14, 484, 67, 164, 72, '2.1', '1.20', '0.23', '0.17', 6, 96),
(410, 'Szczaw', 21, '92.1', '1.1', '0.0', '1.1', '0.8', '4.9', 14, 333, 80, 23, 19, '2.0', '0.80', '0.07', '0.34', 6, 97),
(411, 'Szczypiorek', 29, '90.3', '4.1', '0.0', '4.1', '0.8', '3.9', 2, 252, 97, 52, 26, '1.3', '0.51', '0.07', '0.53', 6, 98),
(412, 'Szparagi', 18, '93.7', '1.9', '0.0', '1.9', '0.2', '3.7', 2, 300, 22, 52, 18, '0.7', '0.90', '0.08', '0.20', 6, 99),
(413, 'Szpinak', 16, '92.4', '2.6', '0.0', '2.6', '0.4', '3.0', 26, 235, 93, 29, 53, '2.8', '0.70', '0.10', '0.26', 6, 100),
(414, 'Ziemniaki wczesne', 69, '80.9', '1.8', '0.0', '1.8', '0.1', '16.3', 7, 415, 4, 52, 24, '0.5', '0.33', '0.09', '0.18', 6, 101),
(415, 'Ziemniaki pozne', 85, '76.5', '1.9', '0.0', '1.9', '0.1', '20.5', 7, 491, 4, 61, 23, '0.6', '0.35', '0.14', '0.18', 6, 101),
(416, 'Ziemniaki, srednio', 77, '78.8', '1.9', '0.0', '1.9', '0.1', '18.3', 7, 443, 4, 56, 23, '0.5', '0.33', '0.10', '0.18', 6, 101),
(417, 'Brokuly mrozone', 24, '91.4', '2.7', '0.0', '2.7', '0.4', '4.7', 6, 312, 39, 53, 19, '0.7', '0.32', '0.02', '0.43', 6, 66),
(418, 'Brukselka mrozona', 36, '85.4', '4.5', '0.0', '4.5', '0.5', '8.4', 9, 359, 49, 29, 18, '0.8', '0.74', '0.06', '0.39', 6, 67),
(419, 'Buraki puree mrozone', 34, '88.8', '1.6', '0.0', '1.6', '0.1', '8.6', 42, 282, 33, 14, 14, '1.4', '0.46', '0.08', '0.36', 6, 68),
(420, 'Fasolka szparagowa mrozona', 24, '90.2', '2.2', '0.0', '2.2', '0.2', '6.8', 5, 214, 53, 36, 18, '0.9', '0.49', '0.08', '0.18', 6, 75),
(421, 'Groszek zielony mrozony', 72, '76.0', '6.4', '0.0', '6.4', '0.4', '16.3', 2, 305, 19, 105, 25, '1.6', '1.21', '0.26', '0.54', 6, 76),
(422, 'Kalafior mrozony', 20, '92.3', '2.2', '0.0', '2.2', '0.2', '4.5', 21, 173, 11, 23, 9, '0.5', '0.19', '0.03', '0.19', 6, 78),
(423, 'Marchew mrozona', 24, '90.7', '0.9', '0.0', '0.9', '0.2', '7.8', 66, 228, 29, 26, 13, '0.4', '0.28', '0.08', '0.15', 6, 83),
(424, 'Ogorki, mizeria mrozone', 12, '96.2', '0.6', '0.0', '0.6', '0.1', '2.6', 9, 101, 12, 19, 6, '0.2', '0.19', '0.09', '0.06', 6, 84),
(425, 'Pomidor mrozony', 15, '94.8', '0.9', '0.0', '0.9', '0.2', '3.6', 8, 282, 9, 21, 8, '0.5', '0.26', '0.06', '0.06', 6, 88),
(426, 'Szpinak mrozony', 15, '93.2', '2.3', '0.0', '2.3', '0.4', '2.7', 21, 190, 75, 23, 43, '2.3', '0.57', '0.08', '0.21', 6, 100),
(427, 'Barszcz ukrainski mrozony', 28, '90.3', '1.6', '0.0', '1.6', '0.2', '7.1', 30, 256, 34, 25, 13, '0.9', '0.37', '0.07', '0.24', 6, 103),
(428, 'Bukiet z jarzyn wiosennych mrozony', 30, '88.6', '2.8', '0.0', '2.8', '0.3', '7.5', 19, 235, 33, 36, 15, '0.8', '0.48', '0.08', '0.25', 6, 104),
(429, 'Bukiet z jarzyn z makaronem mrozony', 132, '65.0', '5.3', '0.3', '5.0', '1.2', '27.8', 23, 244, 29, 83, 36, '1.4', '0.93', '0.15', '0.49', 6, 104),
(430, 'Bukiet z jarzyn z ryzem mrozony', 66, '81.1', '2.4', '0.0', '2.4', '0.3', '15.6', 16, 261, 16, 54, 15, '0.7', '0.59', '0.11', '0.28', 6, 104),
(431, 'Kapusniak mrozony', 36, '88.7', '1.4', '0.0', '1.4', '0.2', '9.0', 21, 253, 30, 32, 14, '0.4', '0.30', '0.06', '0.18', 6, 103),
(432, 'Marchew z groszkiem mrozona', 39, '86.1', '2.6', '0.0', '2.6', '0.3', '10.4', 47, 251, 26, 50, 17, '0.8', '0.56', '0.13', '0.27', 6, 104),
(433, 'Paprykarz mrozony', 19, '93.7', '1.1', '0.0', '1.1', '0.3', '4.4', 5, 265, 14, 27, 13, '0.5', '0.28', '0.07', '0.10', 6, 104),
(434, 'Salatka jarzynowa z kukurydza mrozona', 63, '80.6', '3.4', '0.0', '3.4', '0.6', '14.8', 29, 256, 19, 68, 25, '1.0', '0.64', '0.14', '0.31', 6, 104),
(435, 'Salatka meksykanska mrozona', 45, '85.6', '2.5', '0.0', '2.5', '0.5', '10.8', 23, 243, 24, 53, 18, '0.7', '0.47', '0.09', '0.21', 6, 104),
(436, 'Salata skandynawska mrozona', 28, '90.2', '1.9', '0.0', '1.9', '0.2', '6.9', 36, 315, 38, 35, 17, '1.0', '0.41', '0.07', '0.39', 6, 104),
(437, 'Wloszczyzna krojona w paski mrozona', 25, '89.7', '1.4', '0.0', '1.4', '0.3', '7.9', 58, 261, 32, 46, 16, '0.6', '0.40', '0.08', '0.23', 6, 104),
(438, 'Zupa jesienna mrozona', 27, '90.2', '1.6', '0.0', '1.6', '0.2', '7.2', 36, 241, 30, 27, 12, '0.8', '0.34', '0.09', '0.22', 6, 103),
(439, 'Zupa kalafiorowa mrozona', 22, '91.5', '2.0', '0.0', '2.0', '0.2', '5.5', 30, 197, 18, 29, 11, '0.5', '0.26', '0.05', '0.20', 6, 103),
(440, 'Zupa wloska mrozona', 27, '90.4', '1.8', '0.0', '1.8', '0.3', '6.9', 32, 239, 20, 35, 12, '0.6', '0.37', '0.08', '0.19', 6, 103),
(441, 'Zupa ziemniaczana mrozona', 41, '86.6', '1.5', '0.0', '1.5', '0.2', '11.0', 37, 293, 22, 45, 18, '0.6', '0.38', '0.09', '0.20', 6, 103),
(442, 'Zupa zimowa mrozona', 25, '90.0', '2.1', '0.0', '2.1', '0.3', '6.9', 34, 236, 34, 31, 15, '0.7', '0.44', '0.08', '0.22', 6, 103),
(443, 'Fasola cieta, konserwowa bez zalewy', 16, '92.8', '1.5', '0.0', '1.5', '0.2', '4.5', 256, 124, 43, 22, 12, '1.3', '0.29', '0.07', '0.18', 6, 75),
(444, 'Fasolka flageolet, konserwowa', 61, '77.2', '6.3', '0.0', '6.3', '0.2', '15.0', 291, 299, 56, 125, 36, '1.9', '0.62', '0.18', '0.36', 6, 75),
(445, 'Groszek zielony, konserwowy bez zalewy', 63, '78.1', '4.9', '0.0', '4.9', '0.2', '15.8', 178, 114, 40, 73, 28, '1.7', '0.83', '0.16', '0.42', 6, 76),
(446, 'Kapusta kwaszona', 11, '93.2', '1.1', '0.0', '1.1', '0.2', '3.4', 260, 211, 36, 18, 7, '0.5', '0.24', '0.04', '0.14', 6, 80),
(447, 'Koncentrat pomidorowy 30%', 92, '73.5', '5.6', '0.0', '5.6', '1.5', '16.7', 30, 1072, 55, 74, 51, '1.9', '0.99', '0.11', '0.23', 6, 102),
(448, 'Maka sojowa pelnotlusta', 424, '6.8', '45.0', '0.0', '45.0', '23.5', '20.1', 1, 2307, 269, 753, 300, '9.1', '4.55', '1.53', '3.48', 6, 96),
(449, 'Ogorek kwaszony', 11, '95.0', '1.0', '0.0', '1.0', '0.1', '1.9', 703, 99, 18, 27, 43, '0.4', '0.82', '0.06', '0.10', 6, 84),
(450, 'Papryka czerwona konserwowa', 30, '92.0', '0.8', '0.0', '0.8', '1.5', '5.0', 291, 78, 14, 68, 5, '3.0', '0.49', '0.06', '0.04', 6, 85),
(451, 'Skrobia ziemniaczana', 342, '15.0', '0.6', '0.0', '0.6', '0.1', '83.9', 5, 14, 39, 59, 8, '0.6', '0.06', '0.01', '0.17', 6, 101),
(452, 'Sos keczup', 93, '71.0', '1.8', '0.0', '1.8', '1.0', '22.2', 962, 335, 27, 59, 32, '1.4', '0.26', '0.26', '0.24', 10, 195),
(453, 'Szparagi konserwowe', 19, '93.9', '2.1', '0.0', '2.1', '0.7', '2.5', 290, 130, 14, 28, 9, '0.4', '0.40', '0.06', '0.14', 6, 99),
(454, 'Kukurydza konserwowa', 103, '71.8', '2.9', '0.0', '2.9', '1.2', '23.6', 270, 220, 4, 79, 23, '0.5', '0.50', '0.04', '0.10', 6, 82),
(455, 'Pieczarka uprawna, swieza', 17, '93.3', '2.7', '0.0', '2.7', '0.4', '2.6', 6, 289, 11, 165, 12, '0.9', '0.47', '0.40', '0.06', 6, 197),
(456, 'Agrest', 41, '86.7', '0.8', '0.0', '0.8', '0.2', '11.8', 2, 230, 20, 26, 10, '0.5', '0.09', '0.19', '0.05', 7, 105),
(457, 'Ananas', 54, '85.5', '0.4', '0.0', '0.4', '0.2', '13.6', 1, 220, 17, 12, 15, '0.3', '0.24', '0.07', '0.50', 7, 106),
(458, 'Arbuz', 36, '90.6', '0.6', '0.0', '0.6', '0.1', '8.4', 1, 130, 6, 9, 2, '0.2', '0.07', '0.06', '0.02', 7, 107),
(459, 'Awokado', 160, '74.3', '2.0', '0.0', '2.0', '15.3', '7.4', 10, 600, 11, 41, 39, '1.0', '0.40', '0.18', '0.19', 7, 108),
(460, 'Banan', 95, '74.4', '1.0', '0.0', '1.0', '0.3', '23.5', 1, 395, 6, 20, 33, '0.4', '0.18', '0.10', '0.42', 7, 109),
(461, 'Brzoskwinia', 46, '86.3', '1.0', '0.0', '1.0', '0.2', '11.9', 3, 200, 9, 24, 8, '0.6', '0.14', '0.05', '0.13', 7, 110),
(462, 'Cytryna', 36, '88.9', '0.8', '0.0', '0.8', '0.3', '9.5', 5, 125, 40, 22, 9, '0.6', '0.08', '0.20', '0.04', 7, 111),
(463, 'Czarne jagody', 45, '86.1', '0.8', '0.0', '0.8', '0.6', '12.2', 1, 62, 15, 14, 2, '0.7', '0.45', '0.11', '0.84', 7, 112),
(464, 'Czeresnie', 61, '83.6', '1.0', '0.0', '1.0', '0.3', '14.6', 2, 202, 13, 16, 7, '0.3', '0.15', '0.05', '0.02', 7, 113),
(465, 'Grejpfrut', 36, '89.0', '0.6', '0.0', '0.6', '0.2', '9.8', 2, 277, 22, 18, 12, '0.2', '0.19', '0.07', '0.01', 7, 114),
(466, 'Gruszka', 54, '84.5', '0.6', '0.0', '0.6', '0.2', '14.4', 2, 118, 12, 15, 8, '0.3', '0.15', '0.06', '0.06', 7, 115),
(467, 'Gujawa', 38, '86.1', '0.8', '0.0', '0.8', '0.6', '11.9', 5, 210, 12, 23, 11, '0.4', '0.18', '0.09', '0.09', 7, 116),
(468, 'Jablko', 46, '86.8', '0.4', '0.0', '0.4', '0.4', '12.1', 2, 134, 4, 9, 3, '0.3', '0.16', '0.04', '0.08', 7, 117),
(469, 'Kiwi', 56, '84.0', '0.9', '0.0', '0.9', '0.5', '13.9', 4, 290, 25, 32, 15, '0.4', '0.10', '0.13', '0.10', 7, 118),
(470, 'Maliny', 29, '85.8', '1.3', '0.0', '1.3', '0.3', '12.0', 2, 203, 35, 33, 20, '0.8', '0.36', '0.19', '0.32', 7, 119),
(471, 'Mandarynki', 42, '87.6', '0.6', '0.0', '0.6', '0.2', '11.2', 1, 189, 30, 18, 17, '0.3', '0.07', '0.05', '0.04', 7, 120),
(472, 'Mango', 67, '81.7', '0.5', '0.0', '0.5', '0.3', '17.0', 7, 201, 11, 14, 19, '0.5', '0.12', '0.13', '0.17', 7, 121),
(473, 'Melon', 36, '89.7', '0.9', '0.0', '0.9', '0.3', '8.4', 22, 382, 27, 22, 23, '0.5', '0.28', '0.01', '0.09', 7, 122),
(474, 'Morele', 47, '86.4', '0.9', '0.0', '0.9', '0.2', '11.9', 1, 275, 23, 21, 7, '0.6', '0.14', '0.15', '0.18', 7, 123),
(475, 'Nektarynka', 49, '86.6', '0.9', '0.0', '0.9', '0.2', '11.8', 1, 214, 9, 28, 13, '0.5', '0.13', '0.08', '0.13', 7, 124),
(476, 'Papaja', 41, '87.6', '0.6', '0.0', '0.6', '0.1', '11.1', 3, 255, 24, 5, 10, '0.1', '0.07', '0.03', '0.02', 7, 125),
(477, 'Pomarancza', 44, '87.1', '0.9', '0.0', '0.9', '0.2', '11.3', 3, 183, 33, 23, 12, '0.4', '0.15', '0.07', '0.03', 7, 126),
(478, 'Porzeczki biale', 33, '85.2', '1.0', '0.0', '1.0', '0.2', '13.1', 1, 275, 30, 23, 12, '1.0', '0.22', '0.13', '0.66', 7, 127),
(479, 'Porzeczki czarne', 36, '82.7', '1.3', '0.0', '1.3', '0.2', '14.9', 2, 336, 39, 58, 20, '1.2', '0.32', '0.11', '0.73', 7, 127),
(480, 'Porzeczki czerwone', 31, '84.2', '1.1', '0.0', '1.1', '0.2', '13.8', 2, 259, 36, 33, 12, '0.9', '0.22', '0.11', '0.70', 7, 127),
(481, 'Poziomki', 33, '89.6', '0.8', '0.0', '0.8', '0.5', '8.3', 1, 147, 28, 27, 10, '0.8', '0.08', '0.12', '0.22', 7, 128),
(482, 'sliwki', 45, '87.1', '0.6', '0.0', '0.6', '0.2', '11.7', 2, 208, 16, 20, 8, '0.5', '0.11', '0.11', '0.09', 7, 129),
(483, 'Truskawki', 28, '90.9', '0.7', '0.0', '0.7', '0.4', '7.2', 1, 133, 26, 25, 10, '0.7', '0.09', '0.11', '0.22', 7, 130),
(484, 'Winogrona', 69, '81.3', '0.5', '0.0', '0.5', '0.2', '17.6', 2, 226, 17, 21, 6, '0.3', '0.11', '0.09', '0.09', 7, 131),
(485, 'Wisnie', 47, '87.3', '0.9', '0.0', '0.9', '0.4', '10.9', 3, 150, 13, 20, 9, '0.3', '0.10', '0.13', '0.03', 7, 132),
(486, 'Czarne jagody mrozone', 45, '86.1', '0.8', '0.0', '0.8', '0.6', '12.2', 1, 62, 15, 14, 2, '0.7', '0.45', '0.11', '0.84', 7, 112),
(487, 'Maliny mrozone', 29, '85.8', '1.3', '0.0', '1.3', '0.3', '12.0', 2, 203, 35, 33, 20, '0.8', '0.36', '0.19', '0.32', 7, 119),
(488, 'Porzeczki czarne mrozone', 36, '82.7', '1.3', '0.0', '1.3', '0.2', '14.9', 2, 336, 39, 58, 20, '1.2', '0.32', '0.11', '0.73', 7, 127),
(489, 'sliwki bez pestek mrozone', 45, '87.1', '0.6', '0.0', '0.6', '0.2', '11.7', 2, 208, 16, 20, 8, '0.5', '0.11', '0.11', '0.09', 7, 129),
(490, 'Truskawki mrozone', 28, '90.9', '0.7', '0.0', '0.7', '0.4', '7.2', 1, 133, 26, 25, 10, '0.7', '0.09', '0.11', '0.22', 7, 130),
(491, 'Wisnie bez pestkek mrozone', 47, '87.3', '0.9', '0.0', '0.9', '0.4', '10.9', 3, 150, 13, 20, 9, '0.3', '0.10', '0.13', '0.03', 7, 132),
(492, 'Mieszanka owocowa mrozona', 40, '86.1', '0.9', '0.0', '0.9', '0.3', '12.1', 2, 215, 23, 26, 10, '0.6', '0.13', '0.15', '0.24', 7, 138),
(493, 'Banany suszone', 360, '3.3', '3.8', '0.0', '3.8', '1.1', '88.8', 4, 1493, 23, 76, 125, '1.5', '0.68', '0.38', '1.59', 7, 109),
(494, 'Daktyle suszone', 277, '22.0', '2.0', '0.0', '2.0', '0.4', '74.0', 35, 688, 70, 58, 54, '2.0', '0.33', '0.20', '0.15', 7, 133),
(495, 'Figi suszone', 290, '15.2', '3.6', '0.0', '3.6', '1.2', '78.0', 44, 938, 203, 122, 78, '3.3', '0.94', '0.35', '0.38', 7, 138),
(496, 'Jablka suszone', 238, '32.0', '2.1', '0.0', '2.1', '2.1', '62.3', 10, 665, 20, 45, 15, '1.5', '0.79', '0.20', '0.40', 7, 117),
(497, 'Morele suszone', 284, '17.6', '5.4', '0.0', '5.4', '1.2', '72.2', 5, 1666, 139, 127, 42, '3.6', '0.84', '0.77', '0.93', 7, 123),
(498, 'Rodzynki suszone', 277, '24.0', '2.3', '0.0', '2.3', '0.5', '71.2', 21, 833, 78, 129, 40, '2.3', '0.25', '0.37', '0.32', 7, 133),
(499, 'sliwki suszone z pestka', 266, '24.0', '3.5', '0.0', '3.5', '1.2', '68.9', 12, 804, 72, 91, 36, '1.5', '0.65', '0.42', '0.20', 7, 129),
(500, 'Dzem ananasowy niskoslodzony', 157, '61.0', '0.2', '0.0', '0.2', '0.1', '38.6', 1, 89, 7, 5, 6, '0.1', '0.10', '0.03', '0.20', 7, 135),
(501, 'Dzem brzoskwiniowy niskoslodzony', 155, '60.8', '0.5', '0.0', '0.5', '0.1', '38.3', 2, 94, 5, 11, 4, '0.3', '0.07', '0.03', '0.06', 7, 135),
(502, 'Dzem z czarnych porzeczek niskoslodzony', 152, '59.5', '0.5', '0.0', '0.5', '0.1', '39.6', 1, 119, 14, 20, 7, '0.4', '0.12', '0.05', '0.26', 7, 135),
(503, 'Dzem z czarnych porzeczek wysokoslodzony', 251, '35.2', '0.5', '0.0', '0.5', '0.1', '63.9', 1, 120, 14, 21, 7, '0.4', '0.13', '0.05', '0.27', 7, 135),
(504, 'Dzem jagodowy niskoslodzony', 153, '61.2', '0.3', '0.0', '0.3', '0.2', '38.2', 1, 26, 6, 6, 1, '0.3', '0.19', '0.05', '0.34', 7, 135),
(505, 'Dzem z kiwi niskoslodzony', 154, '61.3', '0.4', '0.0', '0.4', '0.2', '37.8', 2, 114, 10, 13, 6, '0.2', '0.05', '0.06', '0.04', 7, 135),
(506, 'Dzem morelowy niskoslodzony', 157, '60.4', '0.4', '0.0', '0.4', '0.1', '38.8', 1, 121, 10, 9, 3, '0.3', '0.07', '0.07', '0.08', 7, 135),
(507, 'Dzem pomaranczowy niskoslodzony', 159, '60.2', '0.3', '0.0', '0.3', '0.1', '39.2', 1, 56, 10, 7, 4, '0.1', '0.05', '0.03', '0.01', 7, 135),
(508, 'Dzem sliwkowy niskoslodzony', 153, '61.5', '0.3', '0.0', '0.3', '0.1', '37.9', 1, 102, 8, 10, 4, '0.2', '0.06', '0.06', '0.05', 7, 135),
(509, 'Dzem sliwkowy wysokoslodzony', 251, '37.3', '0.3', '0.0', '0.3', '0.1', '62.1', 2, 104, 8, 10, 4, '0.2', '0.07', '0.07', '0.05', 7, 135),
(510, 'Dzem truskawkowy niskoslodzony', 153, '61.3', '0.3', '0.0', '0.3', '0.2', '37.8', 1, 63, 13, 12, 5, '0.3', '0.05', '0.06', '0.11', 7, 135),
(511, 'Dzem truskawkowy wysokoslodzony', 252, '36.8', '0.3', '0.0', '0.3', '0.2', '62.3', 1, 64, 13, 12, 5, '0.3', '0.05', '0.06', '0.11', 7, 135),
(512, 'Dzem wisniowy niskoslodzony', 154, '61.7', '0.4', '0.0', '0.4', '0.2', '37.5', 2, 68, 6, 9, 4, '0.1', '0.05', '0.06', '0.02', 7, 135),
(513, 'Dzem wisniowy wysokoslodzony', 252, '37.5', '0.4', '0.0', '0.4', '0.2', '61.7', 2, 72, 7, 10, 4, '0.1', '0.06', '0.07', '0.02', 7, 135),
(514, 'Powidla sliwkowe', 214, '45.1', '1.0', '0.0', '1.0', '0.2', '53.0', 3, 346, 40, 27, 18, '2.2', '0.18', '0.19', '0.15', 7, 129),
(515, 'Ananas, plastry w syropie', 84, '78.1', '0.4', '0.0', '0.4', '0.1', '21.0', 1, 105, 14, 7, 11, '0.2', '0.10', '0.02', '0.50', 7, 106),
(516, 'Oliwki zielone marynowane', 125, '76.0', '1.4', '0.0', '1.4', '12.7', '4.1', 2400, 55, 61, 17, 22, '1.6', '0.22', '0.23', '0.08', 7, 138),
(517, 'Brzoskwinia w syropie', 73, '81.1', '0.4', '0.0', '0.4', '0.1', '18.2', 6, 92, 3, 11, 6, '0.3', '0.31', '0.04', '0.05', 7, 110),
(518, 'Migdaly', 572, '4.5', '20.0', '0.0', '20.0', '52.0', '20.5', 14, 778, 239, 454, 269, '3.0', '3.19', '1.00', '1.70', 7, 136),
(519, 'Orzechy arachidowe', 560, '6.7', '25.7', '0.0', '25.7', '46.1', '19.2', 16, 720, 58, 385, 180, '3.2', '3.10', '0.86', '1.50', 7, 136),
(520, 'Orzech kokosowy', 335, '46.9', '3.4', '0.0', '3.4', '33.5', '15.2', 20, 355, 14, 94, 43, '1.8', '0.50', '0.44', '1.00', 7, 136),
(521, 'Wiorki kokosowe', 606, '2.3', '5.6', '0.0', '5.6', '63.2', '27.0', 28, 660, 23, 160, 90, '3.6', '0.90', '0.55', '1.80', 7, 138),
(522, 'Orzechy laskowe', 640, '5.3', '14.4', '0.0', '14.4', '63.0', '14.9', 2, 616, 186, 333, 140, '3.4', '2.44', '1.29', '4.20', 7, 136),
(523, 'Orzechy pistacjowe', 589, '3.6', '20.5', '0.0', '20.5', '48.5', '25.0', 6, 1090, 135, 500, 158, '6.7', '1.30', '0.81', '0.88', 7, 136),
(524, 'Orzechy wloskie', 645, '3.8', '16.0', '0.0', '16.0', '60.3', '18.0', 4, 474, 87, 332, 99, '1.8', '2.72', '0.28', '3.60', 7, 136),
(525, 'Mak niebieski', 478, '6.1', '20.1', '0.0', '20.1', '42.9', '24.7', 6, 963, 1266, 1022, 458, '8.1', '3.34', '0.42', '3.71', 7, 138),
(526, 'Sezam, nasiona', 632, '3.7', '23.2', '0.0', '23.2', '59.9', '10.0', 13, 387, 114, 775, 377, '5.9', '2.79', '1.30', '1.42', 7, 137),
(527, 'Slonecznik, nasiona', 561, '3.5', '24.4', '0.0', '24.4', '43.7', '24.6', 3, 793, 131, 784, 359, '4.2', '2.69', '1.87', '2.61', 7, 137),
(528, 'Dynia, pestki', 556, '6.8', '24.5', '0.0', '24.5', '45.8', '18.0', 18, 810, 43, 1170, 540, '15.0', '7.50', '1.57', '0.00', 7, 137),
(529, 'Cukier', 406, '0.2', '0.0', '0.0', '0.0', '0.0', '99.8', 1, 2, 1, 0, 0, '0.0', '0.02', '0.02', '0.01', 8, 139),
(530, 'Miod pszczeli', 324, '20.0', '0.3', '0.3', '0.0', '0.0', '79.5', 7, 46, 5, 16, 5, '0.9', '0.10', '0.09', '0.03', 8, 140),
(531, 'Miod sztuczny', 336, '17.2', '0.1', '0.0', '0.1', '0.0', '82.5', 19, 5, 6, 0, 0, '0.0', '0.02', '0.02', '0.01', 8, 140),
(532, 'Irysy, krowki', 421, '7.7', '4.3', '4.3', '0.0', '10.7', '76.1', 97, 266, 181, 130, 19, '0.2', '0.65', '0.05', '0.03', 8, 141),
(533, 'Karmelki nadziewane', 378, '6.9', '0.3', '0.0', '0.3', '0.5', '92.0', 80, 18, 23, 12, 18, '1.4', '0.20', '0.13', '0.07', 8, 141),
(534, 'Karmelki twarde', 399, '1.7', '0.0', '0.0', '0.0', '0.0', '98.2', 30, 3, 23, 16, 3, '0.4', '0.08', '0.02', '0.03', 8, 141),
(535, 'Kakao 16%, proszek', 448, '4.3', '18.2', '0.0', '18.2', '21.7', '50.6', 17, 1927, 138, 666, 420, '10.7', '6.56', '3.71', '2.49', 8, 152),
(536, 'Baton Bounty Milk', 448, '8.6', '4.2', '1.6', '2.6', '25.2', '56.7', 128, 263, 57, 102, 39, '1.5', '0.60', '0.30', '0.20', 8, 142),
(537, 'Baton Mars', 451, '6.6', '3.6', '2.6', '1.0', '18.2', '68.9', 186, 192, 95, 110, 32, '1.2', '0.70', '0.20', '0.20', 8, 142),
(538, 'Baton Milky Way', 448, '6.1', '3.6', '2.6', '1.0', '16.2', '71.8', 242, 145, 90, 84, 21, '1.1', '0.50', '0.10', '0.25', 8, 142),
(539, 'Baton Snickers', 497, '5.2', '9.7', '2.2', '7.5', '28.9', '52.6', 359, 312, 98, 186, 72, '1.3', '1.30', '0.40', '0.25', 8, 142),
(540, 'Baton Twix', 483, '4.2', '5.3', '3.5', '1.8', '23.2', '64.2', 170, 159, 109, 96, 24, '1.3', '0.50', '0.20', '0.22', 8, 142),
(541, 'Czekolada deserowa', 531, '0.5', '5.3', '0.0', '5.3', '28.9', '64.0', 3, 456, 33, 191, 129, '1.7', '1.91', '0.13', '0.60', 8, 143),
(542, 'Czekolada gorzka', 554, '0.6', '6.7', '0.0', '6.7', '34.3', '56.6', 4, 581, 42, 244, 165, '2.1', '2.43', '0.16', '0.77', 8, 143),
(543, 'Czekolada kawowa', 526, '0.9', '5.5', '0.0', '5.5', '29.0', '62.7', 5, 498, 36, 194, 134, '1.8', '1.91', '0.15', '0.60', 8, 143),
(544, 'Czekolada mleczna', 549, '0.4', '9.8', '7.0', '2.8', '32.8', '54.7', 95, 607, 294, 302, 97, '1.2', '1.83', '0.13', '0.38', 8, 143),
(545, 'Czekolada mleczna z orzechami laskowymi', 539, '1.2', '8.6', '7.4', '1.2', '30.9', '57.3', 100, 474, 300, 248, 54, '0.7', '1.24', '0.12', '0.25', 8, 143),
(546, 'Czekolada nadziewana', 450, '8.5', '3.9', '1.9', '2.0', '17.6', '68.8', 25, 226, 58, 142, 70, '3.7', '1.18', '0.49', '0.62', 8, 143),
(547, 'Czekolada smietankowa z orzechami laskowymi', 585, '1.4', '8.6', '4.1', '4.5', '42.3', '45.7', 90, 497, 222, 273, 81, '1.4', '1.63', '0.32', '1.06', 8, 143),
(548, 'Czekolada biala', 578, '1.1', '7.7', '7.7', '0.0', '38.4', '51.0', 105, 409, 304, 220, 32, '0.4', '0.93', '0.08', '0.05', 8, 143),
(549, 'Delicje szampanskie', 327, '31.3', '4.1', '1.5', '2.6', '11.2', '52.8', 133, 347, 36, 89, 33, '1.9', '0.42', '0.12', '0.13', 8, 144),
(550, 'Herbatniki', 437, '3.0', '8.2', '1.2', '7.0', '11.0', '76.8', 297, 123, 35, 157, 29, '1.3', '0.69', '0.25', '0.61', 8, 145),
(551, 'Herbatniki Corso', 440, '10.3', '5.0', '0.8', '4.2', '17.2', '67.1', 111, 144, 27, 60, 13, '1.1', '0.53', '0.10', '0.21', 8, 145),
(552, 'Herbatniki z cukrem', 460, '5.1', '6.7', '0.6', '6.1', '17.2', '70.7', 130, 97, 38, 86, 13, '0.9', '0.69', '0.09', '0.26', 8, 145),
(553, 'Herbatniki z czekolada', 493, '6.9', '5.9', '0.7', '5.2', '25.5', '61.2', 134, 240, 44, 96, 26, '1.5', '0.62', '0.11', '0.23', 8, 145),
(554, 'Herbatniki w czekoladzie', 489, '6.0', '6.3', '0.4', '5.9', '24.0', '63.1', 134, 426, 44, 116, 44, '2.5', '0.68', '0.16', '0.26', 8, 145),
(555, 'Herbatniki w czekoladzie z orzechami', 492, '5.1', '6.0', '0.7', '5.3', '23.7', '64.7', 140, 279, 52, 105, 30, '1.7', '0.67', '0.12', '0.24', 8, 145),
(556, 'Herbatniki kakaowe', 474, '7.3', '6.9', '1.1', '5.8', '22.3', '62.9', 137, 182, 50, 116, 31, '1.3', '0.94', '0.25', '0.33', 8, 145),
(557, 'Herbatniki kokosowe', 473, '7.9', '6.4', '1.1', '5.3', '25.2', '59.8', 141, 192, 49, 105, 25, '1.3', '0.72', '0.15', '0.48', 8, 145),
(558, 'Herbatniki z nadzieniem czekoladowym', 497, '8.7', '5.5', '1.2', '4.3', '27.9', '57.3', 128, 188, 68, 107, 30, '1.1', '0.77', '0.22', '0.34', 8, 145),
(559, 'Herbatniki z nadzieniem owocowym', 390, '21.1', '3.8', '0.5', '3.3', '16.1', '58.6', 120, 180, 37, 56, 14, '1.3', '0.42', '0.11', '0.19', 8, 145),
(560, 'Herbatniki sezamowe', 503, '6.9', '8.1', '0.6', '7.5', '28.6', '55.7', 133, 128, 53, 175, 61, '1.5', '0.89', '0.24', '0.38', 8, 145),
(561, 'Markizy', 483, '6.7', '5.6', '1.2', '4.4', '23.0', '64.3', 129, 113, 56, 82, 13, '0.7', '0.58', '0.07', '0.19', 8, 144),
(562, 'Paluszki z kminkiem', 489, '11.1', '16.5', '11.1', '5.4', '30.5', '38.9', 894, 223, 77, 242, 32, '3.4', '2.16', '0.15', '0.30', 8, 151),
(563, 'Pierniki alpejskie', 367, '19.3', '4.0', '0.0', '4.0', '9.7', '66.3', 174, 382, 95, 116, 37, '2.7', '0.52', '0.18', '0.56', 8, 146),
(564, 'Pierniki beskidzkie', 338, '17.4', '3.5', '0.2', '3.3', '1.6', '77.3', 193, 62, 98, 98, 8, '0.6', '0.37', '0.06', '0.22', 8, 146),
(565, 'Solinki, paluszki', 385, '6.0', '9.9', '0.3', '9.6', '4.9', '75.2', 1093, 141, 24, 161, 8, '1.7', '0.53', '0.16', '0.40', 8, 151),
(566, 'Wafle nadziewane', 519, '1.9', '8.3', '4.0', '4.3', '27.5', '60.7', 111, 163, 86, 125, 19, '0.8', '0.62', '0.06', '0.37', 8, 147),
(567, 'Wafle w czekoladzie', 553, '1.7', '7.4', '3.0', '4.3', '33.9', '55.6', 91, 645, 138, 183, 67, '2.8', '0.95', '0.26', '0.26', 8, 147),
(568, 'Sezamki', 505, '1.7', '10.2', '0.0', '10.2', '26.4', '60.1', 84, 171, 51, 342, 167, '2.6', '1.24', '0.58', '0.63', 8, 152),
(569, 'Babka biszkoptowa', 340, '19.9', '8.2', '4.8', '3.4', '4.3', '67.1', 56, 101, 27, 114, 12, '1.3', '1.01', '0.07', '0.17', 8, 148),
(570, 'Buleczki drozdzowe z jablkami', 268, '39.9', '5.9', '1.9', '4.0', '7.3', '46.2', 103, 159, 29, 79, 14, '1.0', '0.72', '0.08', '0.23', 8, 148),
(571, 'Ciasto drozdzowe', 290, '35.9', '7.4', '2.4', '5.0', '8.2', '47.7', 139, 132, 36, 96, 16, '1.1', '0.84', '0.08', '0.26', 8, 148),
(572, 'Ciasto kruche podstawowe', 429, '20.8', '5.2', '0.8', '4.4', '23.8', '49.9', 26, 74, 14, 55, 10, '0.7', '0.52', '0.07', '0.19', 8, 148),
(573, 'Ciastka francuskie ze sliwkami', 432, '22.6', '5.0', '0.7', '4.3', '26.8', '44.8', 160, 147, 20, 58, 13, '0.9', '0.52', '0.10', '0.21', 8, 148),
(574, 'Ciastka Karpatki', 449, '24.9', '4.7', '3.0', '1.7', '30.9', '39.1', 64, 60, 19, 66, 7, '0.8', '0.58', '0.04', '0.09', 8, 144),
(575, 'Ciastka Napoleonki', 348, '32.8', '5.9', '2.9', '3.0', '17.0', '43.6', 131, 111, 55, 87, 12, '0.8', '0.64', '0.06', '0.14', 8, 144),
(576, 'Ciastka tortowe z owocami swiezymi', 276, '40.1', '3.2', '1.6', '1.6', '9.0', '47.2', 27, 133, 24, 53, 10, '1.0', '0.46', '0.09', '0.28', 8, 144),
(577, 'Eklery z bita smietana', 317, '42.2', '5.8', '4.3', '1.5', '18.0', '33.5', 60, 104, 44, 93, 10, '1.0', '0.73', '0.05', '0.08', 8, 144),
(578, 'Jagodzianki', 314, '26.1', '7.1', '2.1', '5.0', '5.4', '60.6', 137, 129, 36, 90, 15, '1.2', '0.86', '0.10', '0.41', 8, 144),
(579, 'Keks bakaliowy', 384, '21.5', '6.4', '2.5', '3.9', '17.6', '53.5', 47, 343, 61, 119, 35, '1.6', '0.84', '0.19', '0.28', 8, 148),
(580, 'Piernik z bakaliami', 341, '24.1', '5.9', '0.6', '5.3', '9.8', '59.4', 126, 272, 41, 103, 40, '1.6', '0.87', '0.28', '0.35', 8, 146),
(581, 'Placek z kruszonka', 344, '25.4', '7.1', '2.0', '5.1', '10.3', '56.7', 35, 125, 39, 90, 15, '1.0', '0.77', '0.08', '0.25', 8, 144),
(582, 'Ptysie z bita smietana', 347, '43.2', '5.4', '4.2', '1.2', '25.0', '25.8', 60, 108, 65, 96, 11, '0.7', '0.67', '0.04', '0.06', 8, 194),
(583, 'Rolada z masa makowa', 340, '28.8', '9.2', '3.7', '5.5', '15.8', '44.5', 51, 349, 240, 276, 102, '2.7', '1.50', '0.29', '0.82', 8, 148),
(584, 'Rozki z ciasta francuskiego z jablkami', 392, '30.8', '4.7', '0.5', '4.2', '25.3', '38.5', 149, 116, 14, 50, 11, '0.8', '0.51', '0.07', '0.20', 8, 144),
(585, 'Sernik bez ciasta', 361, '31.1', '13.5', '12.6', '0.9', '18.3', '36.2', 64, 150, 69, 183, 12, '0.8', '0.99', '0.07', '0.09', 8, 149),
(586, 'Sernik krakowski', 325, '34.2', '13.8', '12.1', '1.7', '13.4', '37.7', 85, 132, 89, 181, 13, '0.6', '0.98', '0.05', '0.10', 8, 149),
(587, 'Sernik z rodzynkami', 333, '32.0', '13.9', '12.1', '1.8', '13.4', '39.7', 86, 156, 91, 184, 14, '0.6', '0.99', '0.06', '0.11', 8, 149),
(588, 'Sernik wiedenski z polewa kakaowa', 305, '40.5', '12.5', '10.7', '1.8', '14.5', '31.5', 95, 175, 53, 190, 23, '1.8', '1.50', '0.16', '0.15', 8, 149),
(589, 'Tort ananasowy', 307, '36.1', '4.4', '3.0', '1.4', '10.8', '48.3', 56, 76, 19, 67, 9, '0.8', '0.59', '0.04', '0.19', 8, 148),
(590, 'Herbata, napar bez cukru', 0, '99.9', '0.1', '0.0', '0.1', '0.0', '0.0', 11, 16, 5, 1, 2, '0.1', '0.07', '0.00', '0.34', 9, 153),
(591, 'Kawa, napar bez cukru', 2, '99.4', '0.2', '0.0', '0.2', '0.0', '0.3', 14, 126, 9, 11, 12, '0.2', '0.07', '0.05', '0.05', 9, 154),
(592, 'Sok ananasowy', 48, '88.0', '0.3', '0.0', '0.3', '0.1', '11.4', 1, 134, 17, 8, 13, '0.3', '0.11', '0.09', '0.70', 9, 155),
(593, 'Sok z czarnej porzeczki', 53, '86.8', '0.3', '0.0', '0.3', '0.1', '12.7', 1, 60, 14, 6, 5, '1.0', '0.03', '0.02', '0.14', 9, 155),
(594, 'Sok cytrynowy', 30, '92.5', '0.4', '0.0', '0.4', '0.3', '6.4', 1, 102, 11, 9, 8, '0.1', '0.06', '0.03', '0.01', 9, 155),
(595, 'Sok grejpfrutowy', 40, '90.0', '0.5', '0.0', '0.5', '0.1', '9.2', 1, 102, 11, 9, 8, '0.1', '0.10', '0.04', '0.01', 9, 155),
(596, 'Sok jablkowy', 42, '89.6', '0.1', '0.0', '0.1', '0.1', '10.0', 2, 110, 9, 6, 5, '0.2', '0.12', '0.02', '0.02', 9, 155),
(597, 'Sok marchwiowy', 43, '88.1', '0.4', '0.0', '0.4', '0.1', '11.3', 29, 99, 13, 11, 6, '0.2', '0.12', '0.04', '0.07', 9, 155),
(598, 'Sok marchwiowo-brzoskwiniowy', 43, '87.9', '0.5', '0.0', '0.5', '0.1', '11.3', 21, 111, 11, 13, 6, '0.2', '0.11', '0.04', '0.07', 9, 155),
(599, 'Sok marchwiowo-jablkowy', 46, '86.6', '0.5', '0.0', '0.5', '0.3', '12.3', 30, 163, 15, 16, 7, '0.3', '0.20', '0.05', '0.11', 9, 155),
(600, 'Sok marchwiowo-jablkowo-pomaranczowy', 44, '87.1', '0.6', '0.0', '0.6', '0.2', '11.8', 26, 153, 18, 16, 8, '0.3', '0.17', '0.05', '0.08', 9, 155),
(601, 'Sok marchwiowo-pomaranczowy', 40, '88.2', '0.6', '0.0', '0.6', '0.1', '10.8', 26, 149, 22, 18, 9, '0.3', '0.16', '0.06', '0.07', 9, 155),
(602, 'Sok z marchwi, jablek i owocow tropikalnych', 52, '84.6', '0.7', '0.0', '0.7', '0.3', '14.0', 27, 208, 17, 19, 11, '0.4', '0.21', '0.07', '0.14', 9, 155),
(603, 'Sok pomaranczowy', 43, '89.0', '0.6', '0.0', '0.6', '0.1', '9.9', 2, 175, 8, 14, 11, '0.4', '0.04', '0.02', '0.03', 9, 155),
(604, 'Sok pomidorowy', 13, '95.5', '0.8', '0.0', '0.8', '0.1', '2.6', 126, 206, 8, 13, 7, '0.3', '0.22', '0.05', '0.05', 9, 155),
(605, 'Sok wielowarzywny', 25, '91.8', '1.0', '0.0', '1.0', '0.3', '5.7', 312, 190, 16, 20, 12, '0.5', '0.23', '0.04', '0.10', 9, 155),
(606, 'Coca Cola, Pepsi Cola', 42, '89.4', '0.0', '0.0', '0.0', '0.0', '10.4', 14, 2, 8, 15, 2, '0.0', '0.01', '0.00', '0.01', 9, 156),
(607, 'Napoje gazowane o smaku owocowym', 42, '89.7', '0.0', '0.0', '0.0', '0.0', '10.3', 8, 27, 7, 2, 7, '0.0', '0.00', '0.00', '0.00', 9, 156),
(608, 'Lemoniada', 24, '94.2', '0.0', '0.0', '0.0', '0.0', '5.8', 7, 15, 5, 0, 1, '0.0', '0.00', '0.00', '0.00', 9, 160),
(609, 'Piwo pelne 10-15%', 49, '91.0', '0.5', '0.0', '0.5', '0.0', '3.8', 3, 26, 6, 26, 9, '0.1', '0.00', '0.00', '0.03', 9, 157),
(610, 'Szampan', 76, '88.4', '0.3', '0.0', '0.3', '0.0', '1.4', 4, 57, 3, 7, 6, '0.5', '0.00', '0.01', '0.00', 9, 198),
(611, 'Wermut slodki', 155, '71.1', '0.0', '0.0', '0.0', '0.0', '15.9', 28, 30, 6, 6, 4, '0.4', '0.00', '0.04', '0.00', 9, 198),
(612, 'Wino biale polwytrawne', 81, '86.6', '0.0', '0.0', '0.0', '0.0', '3.7', 3, 70, 10, 7, 4, '1.8', '0.03', '0.02', '0.06', 9, 158),
(613, 'Wino biale slodkie', 95, '83.5', '0.2', '0.0', '0.2', '0.0', '5.9', 13, 110, 14, 13, 11, '0.6', '0.00', '0.05', '0.10', 9, 158),
(614, 'Wino biale wytrawne', 66, '90.2', '0.1', '0.0', '0.1', '0.0', '0.6', 4, 61, 9, 6, 8, '0.5', '0.00', '0.01', '0.10', 9, 158),
(615, 'Wino czerwone', 68, '89.9', '0.1', '0.0', '0.1', '0.0', '0.2', 7, 110, 7, 13, 11, '0.9', '0.10', '0.06', '0.10', 9, 158),
(616, 'Wodki', 220, '68.3', '0.0', '0.0', '0.0', '0.0', '0.0', 0, 0, 0, 0, 0, '0.0', '0.00', '0.00', '0.00', 9, 159),
(617, 'Drozdze piekarskie, prasowane', 92, '70.6', '11.3', '11.3', '0.0', '2.0', '14.5', 41, 592, 30, 272, 61, '5.0', '2.79', '0.09', '1.01', 10, 161),
(618, 'Chipsy bekonowe', 537, '0.9', '5.9', '0.0', '5.9', '38.0', '52.2', 746, 828, 31, 118, 45, '1.7', '0.73', '0.23', '0.23', 8, 151),
(619, 'Chipsy paprykowe', 549, '0.7', '6.0', '0.0', '6.0', '40.0', '50.4', 859, 893, 34, 114, 48, '1.6', '0.65', '0.23', '0.27', 8, 151),
(620, 'Chipsy solone', 552, '1.2', '5.6', '0.0', '5.6', '40.7', '49.9', 690, 801, 18, 89, 43, '1.7', '0.76', '0.29', '0.24', 8, 151),
(621, 'Przyprawa Jarzynka', 90, '19.0', '1.9', '0.0', '1.9', '0.4', '23.3', 23982, 354, 74, 59, 180, '1.5', '0.52', '0.23', '0.41', 10, 161),
(622, 'Majonez domowy z olejem rzepakowym', 714, '15.9', '1.3', '1.0', '0.3', '79.0', '2.6', 396, 15, 14, 44, 9, '0.5', '0.25', '0.05', '0.02', 10, 162),
(623, 'Majonez domowy z olejem slonecznikowym', 714, '15.9', '1.3', '1.0', '0.3', '79.0', '2.6', 396, 15, 14, 44, 9, '0.6', '0.25', '0.03', '0.02', 10, 162),
(624, 'Musztarda', 162, '62.9', '5.7', '0.0', '5.7', '6.4', '22.0', 760, 165, 95, 170, 117, '1.8', '0.70', '0.09', '0.36', 10, 163),
(625, 'Sol biala', 0, '0.5', '0.0', '0.0', '0.0', '0.0', '0.0', 38850, 0, 29, 8, 290, '0.2', '0.08', '0.16', '0.14', 10, 161),
(626, 'zelatyna', 343, '14.0', '84.2', '84.2', '0.0', '0.1', '0.0', 32, 22, 11, 0, 11, '0.0', '0.00', '0.00', '0.00', 10, 161),
(627, 'Barszcz czerwony zabielany', 32, '92.5', '2.0', '1.6', '0.4', '1.4', '3.3', 39, 86, 16, 19, 5, '0.5', '0.23', '0.03', '0.09', 11, 164),
(628, 'Barszcz ukrainski I', 36, '89.6', '1.9', '0.8', '1.1', '0.6', '6.9', 60, 206, 26, 25, 12, '0.8', '0.29', '0.06', '0.17', 11, 164),
(629, 'Barszcz ukrainski II', 53, '87.9', '2.1', '0.8', '1.3', '2.7', '6.5', 29, 175, 23, 35, 13, '0.6', '0.33', '0.05', '0.15', 11, 164),
(630, 'Barszcz z bocwina', 29, '93.8', '1.5', '1.1', '0.4', '1.7', '2.5', 25, 74, 17, 18, 5, '0.4', '0.21', '0.02', '0.05', 11, 164),
(631, 'Kapusniak z kapusty kwaszonej', 22, '94.9', '1.4', '1.1', '0.3', '1.2', '1.6', 59, 48, 8, 9, 2, '0.2', '0.11', '0.01', '0.03', 11, 165),
(632, 'Kapusniak ze slodkiej kapusty', 31, '93.7', '0.7', '0.2', '0.5', '2.1', '3.2', 11, 87, 20, 15, 5, '0.2', '0.13', '0.02', '0.06', 11, 165),
(633, 'Krem z zielonego groszku', 64, '86.5', '3.1', '1.2', '1.9', '3.8', '5.9', 21, 115, 19, 52, 9, '0.7', '0.48', '0.09', '0.18', 11, 168),
(634, 'Krupnik z kaszy gryczanej', 43, '89.2', '1.7', '0.6', '1.1', '1.2', '7.2', 24, 150, 9, 37, 16, '0.4', '0.28', '0.05', '0.15', 11, 166),
(635, 'Krupnik z kaszy jeczmiennej I', 40, '89.5', '1.5', '0.6', '0.9', '0.9', '7.4', 23, 143, 9, 27, 9, '0.3', '0.18', '0.04', '0.10', 11, 166),
(636, 'Krupnik z kaszy jeczmiennej II', 44, '89.3', '1.3', '0.6', '0.7', '1.2', '7.6', 15, 114, 3, 24, 8, '0.3', '0.14', '0.03', '0.08', 11, 166),
(637, 'Krupnik z ryzu', 43, '89.1', '1.5', '0.6', '0.9', '1.1', '7.6', 24, 137, 8, 24, 8, '0.3', '0.21', '0.04', '0.11', 11, 166),
(638, 'Zupa cebulowa', 44, '91.4', '1.4', '0.8', '0.6', '2.7', '4.0', 35, 41, 12, 14, 4, '0.2', '0.12', '0.02', '0.06', 11, 168),
(639, 'Zupa cytrynowa z ryzem', 58, '87.2', '1.4', '0.6', '0.8', '2.2', '8.7', 24, 49, 7, 19, 4, '0.2', '0.21', '0.03', '0.11', 11, 168),
(640, 'Zupa fasolowa', 63, '83.3', '4.0', '0.6', '3.4', '1.8', '10.0', 17, 193, 27, 70, 27, '1.1', '0.61', '0.08', '0.31', 11, 168),
(641, 'Zupa grochowa', 66, '83.5', '4.4', '0.9', '3.5', '2.4', '8.9', 21, 148, 9, 61, 19, '0.8', '0.67', '0.07', '0.30', 11, 168),
(642, 'Zupa grzybowa zabielana', 26, '95.0', '1.3', '1.0', '0.3', '1.8', '1.3', 23, 43, 9, 20, 3, '0.2', '0.09', '0.03', '0.02', 11, 168),
(643, 'Zupa jarzynowa', 28, '92.4', '1.4', '0.6', '0.8', '1.1', '4.3', 79, 133, 18, 20, 9, '0.5', '0.19', '0.05', '0.10', 11, 168),
(644, 'Zupa jarzynowa ze smietana', 43, '89.5', '1.7', '0.8', '0.9', '1.8', '6.2', 28, 177, 17, 28, 10, '0.4', '0.21', '0.04', '0.10', 11, 168),
(645, 'Zupa kalafiorowa I', 27, '92.3', '1.6', '0.7', '0.9', '0.5', '4.9', 27, 130, 15, 22, 8, '0.3', '0.17', '0.04', '0.09', 11, 168),
(646, 'Zupa kalafiorowa II', 34, '93.0', '1.8', '1.1', '0.7', '2.3', '2.1', 33, 68, 10, 14, 4, '0.2', '0.11', '0.01', '0.06', 11, 168),
(647, 'Zupa ogorkowa', 42, '90.8', '1.4', '0.8', '0.6', '2.0', '5.0', 84, 112, 9, 20, 10, '0.2', '0.18', '0.03', '0.05', 11, 168),
(648, 'Zupa owocowa z jablek', 42, '89.1', '0.1', '0.0', '0.1', '0.1', '10.6', 1, 38, 2, 3, 1, '0.1', '0.05', '0.01', '0.03', 11, 168),
(649, 'Zupa pomidorowa', 11, '96.3', '1.0', '0.6', '0.4', '0.1', '2.1', 22, 85, 9, 10, 5, '0.3', '0.11', '0.02', '0.04', 11, 167),
(650, 'Zupa pomidorowa z makaronem', 35, '92.7', '1.5', '1.1', '0.4', '1.8', '3.3', 26, 54, 10, 12, 4, '0.2', '0.10', '0.01', '0.03', 11, 167),
(651, 'Zupa pomidorowa z ryzem', 37, '92.1', '1.5', '1.0', '0.5', '1.8', '3.9', 25, 54, 10, 13, 3, '0.2', '0.13', '0.01', '0.05', 11, 167),
(652, 'Zupa pomidorowa zabielana I', 17, '95.3', '1.2', '0.8', '0.4', '0.6', '2.3', 24, 92, 15, 14, 5, '0.3', '0.13', '0.02', '0.04', 11, 167),
(653, 'Zupa pomidorowa zabielana II', 28, '94.3', '1.3', '1.0', '0.3', '1.8', '1.9', 25, 51, 10, 10, 3, '0.2', '0.09', '0.01', '0.02', 11, 167),
(654, 'Zupa selerowa', 38, '91.3', '1.6', '1.0', '0.6', '1.8', '4.5', 35, 121, 13, 25, 7, '0.2', '0.17', '0.02', '0.06', 11, 168),
(655, 'Zupa selerowa z grzankami', 51, '87.5', '1.8', '0.6', '1.2', '1.9', '8.1', 75, 104, 15, 28, 8, '0.4', '0.24', '0.04', '0.10', 11, 168),
(656, 'Zupa szczawiowa', 40, '92.3', '1.6', '1.4', '0.2', '2.5', '2.9', 30, 62, 31, 22, 4, '0.2', '0.15', '0.01', '0.04', 11, 168),
(657, 'Zupa szpinakowa z ziemniakami', 40, '89.4', '2.2', '1.2', '1.0', '0.9', '6.6', 33, 180, 39, 38, 16, '0.6', '0.28', '0.05', '0.10', 11, 168),
(658, 'Zupa z fasoli szparagowej', 43, '87.2', '2.2', '0.8', '1.4', '0.6', '8.9', 124, 233, 31, 37, 15, '0.9', '0.31', '0.08', '0.16', 11, 168),
(659, 'Zupa z porow z makaronem', 58, '85.2', '2.4', '0.7', '1.7', '1.4', '10.3', 30, 122, 20, 32, 9, '0.5', '0.31', '0.06', '0.13', 11, 168),
(660, 'Zupa z zielonego groszku', 57, '83.4', '3.2', '0.7', '2.5', '1.2', '11.2', 97, 191, 24, 50, 19, '0.9', '0.49', '0.10', '0.25', 11, 168),
(661, 'Zupa ziemniaczana', 38, '90.2', '1.4', '0.6', '0.8', '1.1', '6.6', 24, 177, 8, 25, 10, '0.3', '0.18', '0.05', '0.09', 11, 168),
(662, 'Zupa ziemniaczana ze smietana', 47, '89.4', '1.5', '0.8', '0.7', '1.9', '6.5', 22, 151, 9, 24, 8, '0.2', '0.15', '0.03', '0.06', 11, 168),
(663, 'zurek', 124, '70.6', '2.2', '0.2', '2.0', '3.1', '23.5', 7, 276, 13, 52, 17, '0.5', '0.38', '0.07', '0.22', 11, 168),
(664, 'Zupa neapolitanska', 63, '86.7', '2.2', '1.1', '1.1', '2.6', '8.2', 38, 42, 36, 31, 5, '0.2', '0.28', '0.02', '0.06', 11, 168),
(665, 'Kasza manna na wywarze jarzynowym', 21, '95.2', '0.5', '0.0', '0.5', '0.8', '3.4', 5, 30, 4, 8, 2, '0.1', '0.07', '0.01', '0.03', 11, 168),
(666, 'Kasza jeczmienna na mleku', 63, '86.2', '2.6', '2.1', '0.5', '2.2', '8.5', 29, 109, 78, 70, 11, '0.2', '0.27', '0.03', '0.07', 11, 169),
(667, 'Kasza manna na mleku', 66, '85.4', '2.7', '2.1', '0.6', '2.1', '9.3', 28, 96, 76, 60, 9, '0.1', '0.26', '0.02', '0.04', 11, 169),
(668, 'Kluski lane na mleku', 69, '85.8', '3.6', '3.2', '0.4', '3.1', '6.8', 43, 129, 104, 83, 11, '0.2', '0.37', '0.02', '0.03', 11, 169),
(669, 'Makaron na mleku', 66, '85.8', '2.9', '2.2', '0.7', '2.3', '8.5', 30, 102, 78, 64, 10, '0.2', '0.28', '0.02', '0.05', 11, 169),
(670, 'Platki owsiane na mleku', 62, '86.3', '2.7', '1.7', '1.0', '2.3', '8.2', 24, 106, 68, 81, 17, '0.4', '0.42', '0.06', '0.35', 11, 169),
(671, 'Ryz na mleku', 66, '85.6', '2.7', '2.2', '0.5', '2.1', '9.1', 29, 99, 77, 65, 9, '0.1', '0.34', '0.03', '0.09', 11, 169),
(672, 'Dorsz w jarzynach', 117, '74.0', '15.6', '14.9', '0.7', '4.9', '3.9', 109, 439, 23, 149, 33, '0.8', '0.58', '0.09', '0.11', 12, 170),
(673, 'Filety z dorsza po grecku', 152, '72.8', '10.6', '9.7', '0.9', '10.8', '4.6', 70, 338, 19, 103, 25, '0.7', '0.44', '0.08', '0.09', 12, 170),
(674, 'Filety z dorsza smazone, panierowane', 273, '48.8', '19.1', '17.3', '1.8', '15.8', '14.6', 167, 404, 15, 186, 36, '1.1', '0.85', '0.10', '0.17', 12, 170),
(675, 'Karp w galarecie (z warzywami)', 136, '67.6', '26.1', '25.7', '0.4', '2.9', '2.1', 97, 295, 20, 138, 16, '0.7', '0.75', '0.08', '0.10', 12, 171),
(676, 'Karp z wody (bez warzyw)', 102, '77.1', '16.0', '15.6', '0.4', '3.7', '2.0', 41, 414, 21, 199, 16, '0.8', '0.90', '0.12', '0.11', 12, 171),
(677, 'Kotlet mielony z dorsza', 259, '54.9', '14.9', '13.6', '1.3', '17.8', '10.9', 144, 333, 28, 149, 29, '0.8', '0.65', '0.08', '0.12', 12, 171),
(678, 'Pulpety z dorsza', 112, '73.0', '14.2', '13.0', '1.2', '2.6', '8.8', 131, 348, 17, 140, 28, '0.9', '0.64', '0.08', '0.12', 12, 170),
(679, 'Dorsz z rusztu', 172, '66.7', '22.1', '22.0', '0.1', '9.1', '0.6', 91, 461, 17, 231, 33, '0.6', '0.65', '0.08', '0.03', 12, 170),
(680, 'losos smazony saute', 380, '42.3', '21.1', '20.6', '0.5', '31.4', '4.1', 53, 391, 15, 279, 31, '1.1', '0.86', '0.07', '0.03', 12, 172),
(681, 'losos z rusztu', 283, '55.3', '20.7', '20.6', '0.1', '22.3', '0.6', 54, 403, 19, 278, 32, '1.2', '0.85', '0.08', '0.03', 12, 172),
(682, 'Cielecina w potrawce', 103, '77.6', '13.5', '12.9', '0.6', '4.0', '4.0', 60, 262, 15, 137, 16, '1.2', '2.12', '0.18', '0.08', 12, 173),
(683, 'Klopsiki cielece mielone', 250, '53.6', '16.2', '14.7', '1.5', '14.6', '14.3', 145, 286, 57, 185, 23, '1.5', '2.41', '0.20', '0.14', 12, 173),
(684, 'Kotlet cielecy panierowany', 364, '32.6', '27.1', '24.9', '2.1', '21.3', '17.4', 206, 526, 23, 288, 27, '4.1', '2.93', '0.35', '0.24', 12, 173),
(685, 'Pieczen cieleca duszona', 192, '65.3', '20.1', '19.9', '0.2', '11.8', '1.7', 89, 406, 13, 201, 16, '2.9', '2.08', '0.26', '0.04', 12, 173),
(686, 'Kotlet mielony z kury', 382, '36.8', '19.9', '18.3', '1.6', '27.8', '14.3', 157, 342, 42, 207, 25, '2.1', '1.68', '0.09', '0.15', 12, 174),
(687, 'Kura w galarecie', 192, '61.7', '27.3', '27.1', '0.2', '8.9', '1.2', 65, 238, 14, 107, 17, '1.1', '0.92', '0.05', '0.06', 12, 174),
(688, 'Kurczak gotowany w jarzynach', 99, '80.8', '7.6', '6.7', '0.9', '6.4', '4.6', 45, 235, 25, 88, 16, '0.8', '0.71', '0.06', '0.12', 12, 174),
(689, 'Kurczeta pieczone', 179, '70.0', '16.4', '16.3', '0.1', '12.7', '0.1', 61, 276, 12, 165, 18, '1.1', '1.20', '0.05', '0.04', 12, 174),
(690, 'Potrawka z kurczaka', 148, '72.3', '13.2', '12.5', '0.7', '9.0', '4.7', 56, 278, 16, 140, 18, '1.0', '1.03', '0.06', '0.10', 12, 174),
(691, 'Kotlety z kurczaka smazone saute', 241, '59.1', '20.3', '19.9', '0.4', '16.5', '3.3', 51, 361, 6, 225, 31, '0.4', '0.48', '0.01', '0.02', 12, 174),
(692, 'Kotlety z kurczaka smazone panierowane', 247, '56.1', '19.7', '18.8', '0.9', '15.7', '7.6', 107, 349, 12, 232, 32, '0.7', '0.72', '0.03', '0.11', 12, 174),
(693, 'Bitki wieprzowe', 195, '70.3', '10.4', '10.1', '0.3', '16.1', '2.6', 36, 177, 4, 102, 12, '0.7', '1.99', '0.03', '0.02', 12, 175),
(694, 'Bitki wieprzowe w jarzynach', 199, '68.3', '10.7', '10.1', '0.6', '16.0', '4.3', 51, 239, 12, 115, 16, '0.9', '2.10', '0.05', '0.07', 12, 175),
(695, 'Galaretka z nozek wieprzowych', 202, '66.8', '16.9', '16.7', '0.2', '14.9', '0.8', 121, 121, 21, 82, 10, '1.6', '1.98', '0.26', '0.06', 12, 175),
(696, 'Kotlet schabowy panierowany', 351, '40.0', '19.0', '17.1', '2.0', '24.1', '15.9', 111, 308, 20, 202, 26, '1.3', '1.87', '0.09', '0.19', 12, 175),
(697, 'Wieprzowina pieczona', 278, '59.3', '15.4', '15.4', '0.0', '24.4', '0.0', 55, 264, 5, 153, 18, '1.1', '3.01', '0.04', '0.02', 12, 175),
(698, 'Pieczen wieprzowa duszona', 225, '66.9', '11.4', '11.2', '0.2', '19.8', '1.2', 37, 203, 6, 113, 14, '0.8', '2.23', '0.04', '0.03', 12, 175),
(699, 'Rolada wieprzowa', 412, '35.0', '21.1', '19.9', '1.2', '32.5', '10.0', 133, 356, 12, 214, 26, '1.6', '3.97', '0.07', '0.08', 12, 175),
(700, 'Schab pieczony I', 317, '45.2', '32.2', '32.2', '0.0', '21.1', '0.0', 73, 526, 24, 319, 37, '1.5', '2.96', '0.09', '0.06', 12, 175),
(701, 'Schab pieczony II', 291, '48.7', '30.4', '30.2', '0.2', '18.7', '0.7', 61, 507, 24, 301, 35, '1.5', '2.80', '0.10', '0.08', 12, 175),
(702, 'Stek wieprzowy', 472, '33.0', '21.7', '21.5', '0.2', '42.7', '1.5', 84, 382, 25, 223, 23, '1.8', '4.16', '0.11', '0.07', 12, 175),
(703, 'Watrobka wieprzowa saute', 239, '57.7', '20.5', '20.1', '0.4', '15.5', '4.9', 77, 305, 14, 334, 22, '17.1', '4.16', '0.59', '0.24', 12, 175),
(704, 'Wieprzowina gotowana', 364, '42.8', '22.6', '22.0', '0.6', '30.0', '3.1', 95, 491, 21, 237, 33, '1.8', '4.49', '0.09', '0.13', 12, 175),
(705, 'zeberka duszone wieprzowe', 210, '70.3', '7.9', '7.6', '0.3', '19.2', '2.2', 32, 138, 16, 81, 9, '0.7', '1.46', '0.04', '0.04', 12, 175),
(706, 'Befsztyk bity wiejski', 258, '58.3', '19.4', '19.1', '0.3', '19.6', '1.6', 40, 372, 19, 208, 25, '3.3', '3.21', '0.10', '0.04', 12, 176),
(707, 'Bitki wolowe', 103, '79.1', '13.6', '13.3', '0.3', '4.3', '2.4', 53, 242, 3, 132, 16, '1.5', '2.41', '0.05', '0.03', 12, 176),
(708, 'Bitki wolowe w jarzynach', 116, '73.8', '14.3', '13.3', '1.0', '4.4', '6.6', 87, 389, 21, 154, 25, '1.8', '2.61', '0.10', '0.17', 12, 176),
(709, 'Boeuf Strogonow', 219, '61.5', '19.5', '19.0', '0.5', '14.3', '3.7', 60, 341, 21, 178, 23, '2.2', '2.51', '0.07', '0.03', 12, 176),
(710, 'Bryzol wolowy z poledwicy', 252, '56.2', '24.6', '24.5', '0.1', '16.6', '1.4', 63, 467, 6, 259, 32, '3.8', '3.57', '0.13', '0.05', 12, 176),
(711, 'Gulasz wolowy', 148, '73.5', '14.0', '13.6', '0.4', '9.2', '2.6', 53, 267, 6, 137, 18, '1.6', '2.50', '0.07', '0.06', 12, 176),
(712, 'Poledwica wolowa pieczona', 168, '69.4', '19.7', '19.7', '0.0', '9.9', '0.0', 61, 376, 5, 208, 26, '3.0', '2.88', '0.10', '0.04', 12, 176),
(713, 'Pieczen wolowa duszona', 156, '71.9', '15.8', '15.5', '0.3', '9.5', '2.0', 58, 286, 4, 154, 19, '1.8', '2.81', '0.07', '0.04', 12, 176),
(714, 'Sztuka miesa I', 247, '49.1', '33.9', '33.2', '0.7', '11.4', '3.8', 127, 675, 32, 316, 43, '4.0', '4.50', '0.14', '0.14', 12, 176),
(715, 'Sztuka miesa II', 223, '54.2', '30.6', '30.0', '0.6', '10.3', '3.2', 107, 592, 31, 283, 38, '3.6', '4.04', '0.11', '0.12', 12, 176),
(716, 'Zrazy wolowe zawijane ze slonina', 145, '74.7', '12.1', '11.6', '0.5', '9.4', '3.2', 45, 222, 4, 118, 15, '1.4', '2.13', '0.05', '0.05', 12, 176),
(717, 'Klopsiki mielone z miesa mieszanego', 272, '52.2', '13.5', '11.7', '1.8', '17.5', '15.9', 113, 234, 10, 137, 18, '1.3', '2.36', '0.07', '0.10', 12, 177),
(718, 'Kotlet mielony z miesa mieszanego', 284, '53.3', '13.0', '11.7', '1.3', '21.1', '11.8', 108, 232, 10, 138, 19, '1.3', '2.37', '0.07', '0.13', 12, 177),
(719, 'Pasztet z miesa mieszanego', 361, '46.3', '15.0', '14.2', '0.8', '31.1', '6.6', 94, 240, 14, 178, 17, '4.2', '2.57', '0.20', '0.10', 12, 177),
(720, 'Pieczen rzymska', 208, '60.6', '14.4', '12.9', '1.5', '11.4', '12.7', 136, 250, 9, 150, 20, '1.5', '2.56', '0.07', '0.13', 12, 177),
(721, 'Pulpety z miesa mieszanego', 223, '55.5', '18.7', '16.9', '1.8', '11.1', '13.4', 155, 396, 20, 199, 28, '2.1', '3.37', '0.10', '0.17', 12, 177),
(722, 'Medaliony z indyka', 247, '58.8', '18.6', '18.2', '0.4', '17.9', '3.4', 45, 442, 3, 230, 34, '0.5', '0.83', '0.04', '0.03', 12, 174),
(723, 'Bigos popularny', 119, '80.0', '5.1', '4.2', '0.9', '9.9', '3.9', 170, 193, 28, 55, 10, '0.6', '0.87', '0.04', '0.10', 12, 190),
(724, 'Fasolka po bretonsku', 141, '68.4', '8.0', '3.0', '5.0', '6.6', '15.9', 152, 332, 41, 128, 42, '1.9', '1.29', '0.13', '0.47', 12, 178);
INSERT INTO `food` (`id`, `nazwa_produktu`, `wartosc_energetyczna_kcal`, `woda_g`, `bialko_ogolem_g`, `bialko_zwierzece_g`, `bialko_roslinne_g`, `tluszcz_g`, `weglowodany_g`, `sod_mg`, `potas_mg`, `wapn_mg`, `fosfor_mg`, `magnez_mg`, `zelazo_mg`, `cynk_mg`, `miedz_mg`, `mangan_mg`, `category_id`, `subcategory_id`) VALUES
(725, 'Golabki z miesem i ryzem w sosie pomidorowym', 108, '79.0', '3.6', '2.1', '1.5', '6.7', '10.0', 20, 200, 38, 51, 11, '0.4', '0.72', '0.04', '0.20', 12, 190),
(726, 'Papryka nadziewana miesem i ryzem', 160, '70.6', '4.4', '2.7', '1.7', '10.6', '13.7', 16, 239, 16, 64, 12, '0.7', '0.90', '0.08', '0.19', 12, 190),
(727, 'Risotto z miesem i warzywami', 185, '64.5', '6.6', '5.0', '1.6', '10.0', '18.3', 33, 169, 18, 89, 12, '0.6', '1.38', '0.07', '0.27', 12, 187),
(728, 'Mizeria ze smietana', 33, '93.5', '1.0', '0.5', '0.5', '2.2', '2.8', 15, 112, 30, 30, 8, '0.2', '0.22', '0.08', '0.06', 6, 84),
(729, 'Salata zielona z pomidorem, ogorkiem i olejem', 56, '90.2', '0.9', '0.0', '0.9', '4.7', '3.6', 6, 152, 15, 18, 7, '0.5', '0.29', '0.05', '0.15', 12, 179),
(730, 'Salata zielona z olejem', 111, '84.6', '1.0', '0.0', '1.0', '11.6', '2.1', 3, 99, 18, 15, 7, '0.5', '0.32', '0.03', '0.21', 12, 179),
(731, 'Salata zielona ze smietana', 41, '91.0', '1.4', '0.5', '0.9', '2.3', '4.5', 10, 113, 35, 28, 8, '0.5', '0.35', '0.03', '0.19', 12, 179),
(732, 'Surowka z cykorii i jablek', 161, '78.3', '1.0', '0.2', '0.8', '16.4', '3.8', 4, 130, 17, 24, 7, '0.6', '0.18', '0.09', '0.18', 12, 180),
(733, 'Surowka z kapusty bialej', 67, '85.9', '1.6', '0.0', '1.6', '4.7', '7.0', 17, 204, 59, 29, 12, '0.3', '0.29', '0.03', '0.21', 12, 180),
(734, 'Surowka z kapusty kwaszonej', 68, '85.4', '0.9', '0.0', '0.9', '4.7', '7.5', 176, 174, 27, 15, 6, '0.4', '0.21', '0.04', '0.12', 12, 180),
(735, 'Surowka z marchwi', 47, '88.5', '1.1', '0.5', '0.6', '2.3', '7.7', 51, 199, 39, 33, 11, '0.3', '0.27', '0.07', '0.12', 12, 180),
(736, 'Surowka z marchwi i jablek', 59, '81.7', '1.0', '0.0', '1.0', '0.3', '16.6', 70, 287, 32, 30, 15, '0.5', '0.35', '0.10', '0.19', 12, 180),
(737, 'Surowka z ogorkow i pomidorow', 32, '93.0', '1.1', '0.4', '0.7', '1.8', '3.6', 14, 157, 27, 28, 8, '0.3', '0.25', '0.08', '0.08', 12, 180),
(738, 'Surowka z owocow', 103, '73.0', '0.5', '0.0', '0.5', '0.3', '25.9', 2, 149, 11, 14, 6, '0.4', '0.13', '0.07', '0.08', 12, 180),
(739, 'Surowka z owocow i warzyw', 148, '79.0', '1.1', '0.4', '0.7', '14.3', '5.1', 8, 141, 12, 19, 6, '0.5', '0.26', '0.04', '0.10', 12, 180),
(740, 'Surowka z papryki', 91, '84.7', '1.0', '0.0', '1.0', '7.5', '6.3', 6, 201, 15, 23, 9, '0.5', '0.23', '0.08', '0.09', 12, 180),
(741, 'Surowka z pomidorow', 14, '95.4', '0.8', '0.0', '0.8', '0.2', '3.2', 7, 253, 8, 19, 7, '0.4', '0.23', '0.05', '0.05', 12, 180),
(742, 'Surowka z porow z jablkami', 141, '77.2', '1.7', '0.2', '1.5', '12.5', '7.9', 5, 190, 34, 42, 8, '0.9', '0.52', '0.10', '0.13', 12, 180),
(743, 'Surowka z rzodkiewki', 93, '82.5', '7.5', '6.9', '0.6', '5.9', '3.5', 25, 147, 67, 101, 9, '0.4', '0.51', '0.03', '0.08', 12, 180),
(744, 'Surowka z selerow', 92, '81.8', '1.1', '0.0', '1.1', '7.5', '8.9', 58, 236, 27, 55, 13, '0.4', '0.40', '0.04', '0.15', 12, 180),
(745, 'Surowka z selerow, jablek i marchwi', 60, '81.7', '0.9', '0.0', '0.9', '0.4', '16.5', 44, 240, 22, 35, 11, '0.4', '0.34', '0.06', '0.15', 12, 180),
(746, 'Surowka z kapusty pekinskiej, jablek, papryki z olejem', 53, '88.5', '1.1', '0.0', '1.1', '3.8', '5.7', 7, 172, 35, 33, 13, '0.4', '0.28', '0.05', '0.14', 12, 180),
(747, 'Surowka z kapusty pekinskiej z majonezem', 94, '83.3', '1.6', '0.3', '1.3', '8.1', '6.0', 29, 169, 44, 43, 17, '0.4', '0.34', '0.05', '0.16', 12, 180),
(748, 'Surowka wielowarzywna z jogurtem naturalnym', 35, '90.0', '1.7', '0.8', '0.9', '0.6', '7.0', 17, 222, 45, 43, 12, '0.5', '0.31', '0.08', '0.09', 12, 180),
(749, 'Brukselka z wody', 110, '75.6', '4.2', '0.1', '4.1', '7.1', '12.0', 22, 348, 49, 33, 18, '0.8', '0.76', '0.06', '0.40', 6, 67),
(750, 'Buraki', 70, '84.2', '1.5', '0.0', '1.5', '3.5', '10.0', 46, 278, 33, 14, 14, '1.4', '0.46', '0.08', '0.35', 6, 68),
(751, 'Buraki z jablkami', 70, '84.1', '1.5', '0.0', '1.5', '3.3', '10.3', 44, 272, 32, 14, 13, '1.3', '0.45', '0.08', '0.34', 6, 68),
(752, 'Buraki zasmazane', 84, '83.4', '1.6', '0.0', '1.6', '5.5', '8.7', 39, 265, 32, 14, 13, '1.3', '0.44', '0.08', '0.34', 6, 68),
(753, 'Buraki ze smietana', 68, '85.0', '1.8', '0.3', '1.5', '3.6', '8.8', 46, 274, 42, 22, 14, '1.3', '0.47', '0.08', '0.33', 6, 68),
(754, 'cwikla', 40, '87.2', '1.6', '0.0', '1.6', '0.1', '10.2', 42, 311, 36, 19, 15, '1.4', '0.52', '0.09', '0.37', 6, 68),
(755, 'Dynia z pomidorami', 44, '89.2', '1.2', '0.0', '1.2', '2.4', '6.5', 5, 269, 44, 34, 11, '0.7', '0.33', '0.11', '0.05', 6, 74),
(756, 'Fasolka szparagowa', 97, '79.1', '2.9', '0.1', '2.8', '6.9', '10.3', 21, 288, 71, 52, 25, '1.2', '0.70', '0.11', '0.26', 6, 75),
(757, 'Groszek zielony z maslem', 100, '79.7', '3.7', '0.1', '3.6', '6.8', '9.3', 2, 192, 13, 67, 16, '1.0', '0.76', '0.16', '0.34', 6, 76),
(758, 'Kalafior z wody', 83, '85.0', '2.0', '0.1', '1.9', '6.8', '5.5', 32, 150, 11, 24, 9, '0.5', '0.20', '0.03', '0.18', 6, 78),
(759, 'Kapusta biala zasmazana', 69, '85.8', '1.6', '0.1', '1.5', '4.7', '7.2', 16, 180, 52, 28, 10, '0.3', '0.26', '0.03', '0.18', 6, 80),
(760, 'Marchewka z groszkiem I', 64, '83.9', '1.7', '0.0', '1.7', '3.1', '10.8', 90, 204, 31, 35, 16, '0.7', '0.38', '0.10', '0.20', 12, 181),
(761, 'Marchewka z groszkiem II', 82, '82.7', '1.9', '0.5', '1.4', '5.5', '9.4', 87, 206, 44, 42, 15, '0.6', '0.37', '0.09', '0.18', 12, 181),
(762, 'Marchewka zasmazana', 69, '85.5', '1.0', '0.1', '0.9', '4.8', '8.4', 66, 228, 30, 28, 13, '0.4', '0.29', '0.08', '0.16', 12, 181),
(763, 'Salatka jarzynowa', 192, '68.8', '2.9', '0.2', '2.7', '16.5', '10.9', 78, 252, 27, 69, 27, '1.0', '0.61', '0.09', '0.28', 12, 179),
(764, 'Salatka z groszku zielonego', 159, '71.8', '4.0', '1.2', '2.8', '13.1', '10.4', 115, 113, 31, 69, 18, '1.3', '0.69', '0.10', '0.26', 12, 179),
(765, 'Salatka z czerwonej kapusty', 83, '84.4', '1.4', '0.0', '1.4', '6.5', '7.0', 8, 211, 33, 23, 9, '0.4', '0.33', '0.07', '0.19', 12, 179),
(766, 'Szpinak zasmazany', 82, '82.1', '3.7', '0.7', '3.0', '6.1', '6.2', 37, 283, 123, 49, 60, '3.1', '0.83', '0.11', '0.29', 12, 199),
(767, 'Salatka jarzynowa z majonezem i jogurtem naturalnym', 116, '76.7', '3.2', '0.5', '2.7', '7.5', '11.6', 118, 269, 41, 75, 29, '0.9', '0.62', '0.09', '0.28', 12, 179),
(768, 'Pieczarki smazone', 232, '67.8', '3.4', '0.1', '3.3', '24.3', '3.3', 9, 352, 16, 200, 15, '1.1', '0.58', '0.48', '0.07', 12, 199),
(769, 'Bliny ziemniaczane', 257, '53.3', '5.6', '3.3', '2.3', '16.3', '23.6', 100, 371, 59, 114, 25, '1.0', '0.76', '0.09', '0.20', 12, 182),
(770, 'Budyn z miesa i makaronu', 171, '61.2', '10.6', '7.7', '2.9', '4.4', '23.1', 60, 223, 44, 129, 17, '1.4', '1.08', '0.13', '0.18', 12, 186),
(771, 'Kasza gryczana na sypko z maslem roslinnym', 132, '67.5', '4.5', '0.0', '4.5', '2.3', '25.0', 4, 160, 9, 165, 78, '1.0', '1.26', '0.15', '0.73', 12, 183),
(772, 'Kasza gryczana na sypko         ze smalcem', 139, '66.5', '4.8', '0.3', '4.5', '3.0', '25.0', 7, 164, 9, 166, 79, '1.0', '1.27', '0.15', '0.73', 12, 183),
(773, 'Kasza perlowa na sypko z maslem roslinnym', 114, '71.9', '2.2', '0.0', '2.2', '2.0', '23.6', 3, 83, 6, 65, 14, '0.5', '0.29', '0.06', '0.24', 12, 183),
(774, 'Kasza perlowa na sypko               ze smalcem', 119, '71.4', '2.2', '0.0', '2.2', '2.5', '23.6', 1, 83, 6, 65, 14, '0.5', '0.29', '0.06', '0.24', 12, 183),
(775, 'Kluski kladzione', 165, '59.6', '5.1', '1.0', '4.1', '1.3', '33.8', 12, 60, 12, 46, 5, '0.7', '0.39', '0.04', '0.12', 12, 184),
(776, 'Kluski lane', 93, '78.8', '4.1', '2.3', '1.8', '2.0', '14.9', 26, 46, 12, 50, 4, '0.6', '0.43', '0.03', '0.06', 12, 184),
(777, 'Knedle ze sliwkami', 162, '65.0', '2.7', '0.5', '2.2', '5.9', '25.8', 13, 256, 12, 46, 14, '0.6', '0.31', '0.09', '0.14', 12, 184),
(778, 'Kopytka', 147, '62.3', '4.0', '0.5', '3.5', '0.7', '32.3', 11, 342, 10, 64, 19, '0.7', '0.44', '0.09', '0.19', 12, 184),
(779, 'Kopytka z maslem', 151, '62.4', '3.6', '0.2', '3.4', '1.5', '31.8', 7, 328, 9, 58, 18, '0.6', '0.38', '0.09', '0.19', 12, 184),
(780, 'Kulebiak', 222, '59.1', '7.6', '5.3', '2.3', '12.7', '20.1', 28, 134, 24, 84, 11, '0.8', '1.12', '0.04', '0.10', 12, 185),
(781, 'Leniwe pierogi z sera i ziemniakow', 220, '56.3', '12.8', '10.9', '1.9', '10.1', '20.1', 39, 154, 58, 157, 12, '0.5', '0.80', '0.05', '0.10', 12, 185),
(782, 'Leniwe pierogi z sera', 242, '55.8', '14.5', '13.5', '1.0', '13.9', '15.1', 62, 101, 68, 180, 9, '0.5', '0.93', '0.04', '0.06', 12, 185),
(783, 'Makaron z maslem', 126, '70.0', '3.6', '0.4', '3.2', '1.8', '24.4', 5, 55, 8, 40, 9, '0.4', '0.31', '0.05', '0.16', 12, 186),
(784, 'Makaron', 107, '73.6', '3.3', '0.4', '2.9', '0.7', '22.3', 5, 50, 7, 37, 8, '0.4', '0.28', '0.04', '0.15', 12, 186),
(785, 'Makaron z serem', 140, '70.7', '6.3', '4.2', '2.1', '5.2', '17.5', 12, 51, 25, 67, 4, '0.3', '0.37', '0.03', '0.06', 12, 186),
(786, 'Nalesniki z kapusta', 147, '71.6', '3.2', '0.8', '2.4', '9.2', '15.2', 24, 207, 67, 49, 13, '0.5', '0.41', '0.04', '0.21', 12, 188),
(787, 'Nalesniki z serem', 242, '51.6', '10.1', '8.7', '1.4', '10.3', '27.4', 39, 94, 60, 129, 8, '0.5', '0.71', '0.04', '0.06', 12, 188),
(788, 'Pierogi ruskie', 167, '63.2', '5.6', '2.7', '2.9', '5.0', '25.7', 11, 218, 19, 72, 13, '0.5', '0.42', '0.06', '0.13', 12, 185),
(789, 'Pierogi z miesem I', 146, '68.0', '7.1', '4.6', '2.5', '4.1', '20.5', 33, 104, 8, 62, 8, '0.8', '0.76', '0.04', '0.08', 12, 185),
(790, 'Pierogi z miesem II', 219, '58.6', '12.0', '9.9', '2.1', '11.6', '17.3', 37, 185, 11, 109, 13, '1.4', '1.40', '0.05', '0.07', 12, 185),
(791, 'Pierogi z serem I', 237, '50.2', '11.2', '8.5', '2.7', '8.4', '29.7', 29, 86, 48, 127, 8, '0.5', '0.66', '0.04', '0.09', 12, 185),
(792, 'Pierogi z serem II', 238, '51.9', '10.9', '8.8', '2.1', '9.9', '26.8', 23, 79, 50, 137, 7, '0.6', '0.71', '0.04', '0.07', 12, 185),
(793, 'Pierogi z truskawkami', 240, '52.0', '3.8', '0.4', '3.4', '11.4', '32.3', 31, 99, 19, 43, 9, '0.8', '0.32', '0.08', '0.22', 12, 185),
(794, 'Risotto z miesem', 229, '56.1', '7.4', '5.2', '2.2', '11.8', '24.2', 25, 145, 7, 94, 12, '0.6', '1.09', '0.07', '0.32', 12, 187),
(795, 'Ryz na sypko z maslem roslinnym', 135, '67.4', '2.4', '0.0', '2.4', '1.5', '28.4', 4, 40, 4, 49, 5, '0.3', '0.62', '0.06', '0.36', 12, 187),
(796, 'Ryz na sypko ze smalcem', 124, '70.8', '2.1', '0.0', '2.1', '2.0', '24.9', 2, 35, 3, 43, 4, '0.3', '0.55', '0.05', '0.32', 12, 187),
(797, 'Ryz z jablkami', 153, '63.2', '2.0', '0.5', '1.5', '2.1', '32.3', 13, 93, 21, 43, 6, '0.3', '0.46', '0.05', '0.24', 12, 187),
(798, 'Ziemniaki puree', 90, '77.2', '2.1', '0.2', '1.9', '1.4', '18.4', 10, 446, 12, 61, 23, '0.5', '0.35', '0.10', '0.18', 12, 182),
(799, 'Ziemniaki z tluszczem', 105, '75.3', '2.0', '0.0', '2.0', '3.1', '18.7', 12, 454, 4, 58, 24, '0.5', '0.34', '0.10', '0.19', 12, 182),
(800, 'Pyzy', 210, '50.9', '3.7', '0.2', '3.5', '6.2', '37.4', 14, 897, 8, 113, 42, '1.1', '0.65', '0.26', '0.33', 12, 185),
(801, 'Pyzy z miesem', 292, '40.4', '7.8', '3.8', '4.0', '14.0', '36.2', 37, 714, 11, 132, 40, '1.2', '1.34', '0.17', '0.34', 12, 185),
(802, 'Placki ziemniaczane', 231, '57.2', '3.6', '1.1', '2.5', '14.5', '23.6', 20, 503, 21, 84, 28, '0.8', '0.54', '0.13', '0.23', 12, 182),
(803, 'Makaron zapiekany z kapusta slodka', 138, '69.2', '3.6', '0.3', '3.3', '5.2', '21.3', 16, 187, 49, 48, 15, '0.5', '0.42', '0.06', '0.27', 12, 186),
(804, 'Kluski slaskie', 169, '60.6', '2.6', '0.4', '2.2', '3.8', '32.1', 16, 377, 12, 66, 22, '0.6', '0.38', '0.09', '0.20', 12, 184),
(805, 'Kotlety ziemniaczane', 241, '52.5', '4.3', '1.0', '3.3', '12.8', '29.3', 37, 506, 13, 91, 29, '0.9', '0.65', '0.14', '0.28', 12, 182),
(806, 'lazanki z kapusta', 147, '70.1', '3.5', '0.8', '2.7', '7.0', '18.9', 17, 131, 33, 45, 10, '0.6', '0.43', '0.04', '0.18', 12, 186),
(807, 'Ciasto nalesnikowe biszkoptowe', 186, '59.7', '8.2', '5.5', '2.7', '5.9', '25.5', 65, 145, 74, 129, 15, '1.1', '0.96', '0.06', '0.13', 12, 188),
(808, 'Ciasto nalesnikowe bez piany', 174, '60.9', '5.9', '2.5', '3.4', '4.3', '28.4', 31, 111, 52, 84, 12, '0.7', '0.63', '0.06', '0.15', 12, 188),
(809, 'Jaja sadzone', 168, '74.5', '9.9', '9.9', '0.0', '14.2', '0.6', 111, 105, 38, 161, 9, '1.7', '1.38', '0.05', '0.02', 12, 189),
(810, 'Jajecznica', 119, '80.2', '9.8', '9.8', '0.0', '8.7', '0.5', 111, 104, 37, 160, 9, '1.7', '1.38', '0.05', '0.02', 12, 189),
(811, 'Kotlety z jaj', 275, '57.8', '7.9', '6.7', '1.2', '22.7', '10.8', 143, 112, 49, 129, 12, '1.3', '1.05', '0.05', '0.10', 12, 189),
(812, 'Omlet biszkoptowy                    ze szpinakiem', 137, '73.4', '5.8', '2.7', '3.1', '9.7', '9.4', 53, 247, 98, 76, 50, '3.0', '1.02', '0.11', '0.25', 12, 189),
(813, 'Jaja gotowane', 109, '81.3', '9.8', '9.8', '0.0', '7.6', '0.5', 110, 104, 37, 160, 9, '1.7', '1.38', '0.05', '0.02', 1, 8),
(814, 'Buchty drozdzowe', 303, '36.8', '6.2', '2.2', '4.0', '11.0', '45.6', 32, 101, 44, 91, 9, '1.0', '0.61', '0.05', '0.14', 8, 144),
(815, 'Gruszki w sosie waniliowym', 152, '62.1', '1.6', '1.2', '0.4', '1.1', '34.8', 15, 112, 36, 39, 8, '0.3', '0.25', '0.05', '0.05', 7, 194),
(816, 'Jablko pieczone', 93, '77.1', '0.3', '0.0', '0.3', '1.6', '20.8', 2, 105, 3, 7, 2, '0.2', '0.13', '0.03', '0.06', 7, 117),
(817, 'Jablka w kruchym ciescie', 347, '32.9', '4.1', '0.9', '3.2', '17.4', '45.3', 36, 109, 13, 41, 6, '0.7', '0.39', '0.05', '0.12', 8, 194),
(818, 'Kisiel porzeczkowy', 98, '73.7', '0.3', '0.0', '0.3', '0.1', '25.7', 1, 77, 12, 15, 5, '0.3', '0.08', '0.03', '0.19', 8, 194),
(819, 'Kisiel waniliowy', 121, '75.0', '3.3', '3.3', '0.0', '4.5', '16.6', 38, 118, 103, 92, 10, '0.4', '0.39', '0.02', '0.03', 8, 194),
(820, 'Kompot z jablek', 51, '86.4', '0.2', '0.0', '0.2', '0.1', '13.2', 1, 52, 3, 4, 1, '0.1', '0.06', '0.02', '0.06', 9, 160),
(821, 'Kompot z wisni', 69, '82.7', '0.2', '0.0', '0.2', '0.1', '16.9', 1, 38, 3, 5, 2, '0.1', '0.03', '0.04', '0.01', 9, 160),
(822, 'Lody waniliowe', 139, '67.2', '2.7', '2.7', '0.0', '1.6', '28.1', 35, 72, 53, 52, 6, '0.2', '0.28', '0.02', '0.01', 8, 150),
(823, 'Mus jablkowy', 127, '68.3', '2.2', '2.0', '0.2', '0.5', '28.7', 38, 84, 3, 7, 3, '0.2', '0.13', '0.03', '0.04', 7, 117),
(824, 'Napoj mleczny z truskawkami', 109, '72.7', '1.2', '0.9', '0.3', '0.7', '24.9', 11, 87, 39, 30, 7, '0.3', '0.12', '0.05', '0.09', 1, 4),
(825, 'Rolada biszkoptowa z dzemem', 304, '30.3', '6.9', '5.7', '1.2', '5.4', '56.8', 72, 98, 29, 100, 8, '1.3', '0.69', '0.06', '0.07', 8, 194),
(826, 'Truskawki w galaretce', 127, '67.8', '15.4', '15.2', '0.2', '0.2', '16.0', 6, 50, 11, 9, 5, '0.2', '0.03', '0.04', '0.08', 8, 194),
(827, 'Truskawki z bita smietana', 127, '79.5', '1.1', '0.7', '0.4', '10.4', '8.4', 11, 104, 43, 34, 8, '0.4', '0.13', '0.06', '0.12', 8, 194),
(828, 'Befsztyk tatarski', 195, '64.4', '18.4', '17.5', '0.9', '12.3', '3.4', 197, 340, 40, 266, 36, '3.1', '3.47', '0.11', '0.11', 12, 176),
(829, 'Pasta z jaj', 197, '72.3', '7.2', '6.7', '0.5', '18.6', '1.2', 78, 132, 44, 118, 13, '1.6', '1.04', '0.08', '0.08', 12, 189),
(830, 'Pasta z jaj i ryby wedzonej', 262, '61.1', '13.3', '12.9', '0.4', '23.1', '1.2', 577, 191, 24, 170, 19, '1.3', '0.71', '0.11', '0.08', 12, 189),
(831, 'Pasta z twarogu i ryby wedzonej', 273, '58.9', '15.2', '15.2', '0.0', '23.0', '1.9', 344, 131, 48, 181, 13, '0.4', '0.61', '0.07', '0.02', 12, 189);

-- --------------------------------------------------------

--
-- Table structure for table `my_food`
--

CREATE TABLE `my_food` (
  `id` int(11) NOT NULL,
  `nazwa_produktu` varchar(55) COLLATE utf8_unicode_ci NOT NULL,
  `wartosc_energetyczna_kcal` int(11) NOT NULL,
  `woda_g` decimal(3,1) DEFAULT NULL,
  `bialko_ogolem_g` decimal(3,1) DEFAULT NULL,
  `bialko_zwierzece_g` decimal(3,1) DEFAULT NULL,
  `bialko_roslinne_g` decimal(3,1) DEFAULT NULL,
  `tluszcz_g` decimal(4,1) DEFAULT NULL,
  `weglowodany_g` decimal(3,1) DEFAULT NULL,
  `sod_mg` int(11) DEFAULT NULL,
  `potas_mg` int(11) DEFAULT NULL,
  `wapn_mg` int(11) DEFAULT NULL,
  `fosfor_mg` int(11) DEFAULT NULL,
  `magnez_mg` int(11) DEFAULT NULL,
  `zelazo_mg` decimal(3,1) DEFAULT NULL,
  `cynk_mg` decimal(4,2) DEFAULT NULL,
  `miedz_mg` decimal(3,2) DEFAULT NULL,
  `mangan_mg` decimal(4,2) DEFAULT NULL,
  `$userId` int(11) DEFAULT NULL
) ENGINE=InnoDB DEFAULT CHARSET=utf8 COLLATE=utf8_unicode_ci;

-- --------------------------------------------------------

--
-- Table structure for table `my_strength_training`
--

CREATE TABLE `my_strength_training` (
  `id` int(11) NOT NULL,
  `name` varchar(55) COLLATE utf8_unicode_ci NOT NULL,
  `$userId` int(11) DEFAULT NULL,
  `aktywny` tinyint(1) NOT NULL
) ENGINE=InnoDB DEFAULT CHARSET=utf8 COLLATE=utf8_unicode_ci;

-- --------------------------------------------------------

--
-- Table structure for table `my_strength_training_exersie`
--

CREATE TABLE `my_strength_training_exersie` (
  `id` int(11) NOT NULL,
  `training_id` int(11) DEFAULT NULL,
  `name` varchar(255) COLLATE utf8_unicode_ci NOT NULL
) ENGINE=InnoDB DEFAULT CHARSET=utf8 COLLATE=utf8_unicode_ci;

-- --------------------------------------------------------

--
-- Table structure for table `profile_image`
--

CREATE TABLE `profile_image` (
  `id` int(11) NOT NULL,
  `profile_image` varchar(255) COLLATE utf8_unicode_ci NOT NULL DEFAULT 'blank.png',
  `userId` int(11) DEFAULT NULL
) ENGINE=InnoDB DEFAULT CHARSET=utf8 COLLATE=utf8_unicode_ci;

-- --------------------------------------------------------

--
-- Table structure for table `strength_training`
--

CREATE TABLE `strength_training` (
  `id` int(11) NOT NULL,
  `category_id` int(11) DEFAULT NULL,
  `name` varchar(60) COLLATE utf8_unicode_ci NOT NULL
) ENGINE=InnoDB DEFAULT CHARSET=utf8 COLLATE=utf8_unicode_ci;

--
-- Dumping data for table `strength_training`
--

INSERT INTO `strength_training` (`id`, `category_id`, `name`) VALUES
(1, 1, 'fbw 1'),
(2, 1, 'fbw 2'),
(3, 2, '3 dniowy(dzień 1)'),
(4, 2, '3 dniowy(dzień 2)'),
(5, 2, '3 dniowy(dzień 3)'),
(6, 2, '4 dniowy(dzień 1)'),
(7, 2, '4 dniowy(dzień 2)'),
(8, 2, '4 dniowy(dzień 3)'),
(9, 2, '4 dniowy(dzień 4)'),
(10, 3, 'push 1'),
(11, 3, 'pull 1'),
(12, 3, 'push 2'),
(13, 3, 'pull 2'),
(14, 4, 'push 1'),
(15, 4, 'pull 1'),
(16, 4, 'legs 1'),
(17, 4, 'push 2'),
(18, 4, 'pull 2'),
(19, 4, 'legs 2'),
(20, 5, 'góra 1'),
(21, 5, 'dół 1'),
(22, 5, 'góra 2'),
(23, 5, 'dół 2'),
(24, 6, 'dla początkujących(3 dni w tygodniu)'),
(25, 6, 'dla średnio-zaawansowanych(4 dni w tygodniu)'),
(26, 6, 'dla zaawansowanych(5 dni w tygodniu)');

-- --------------------------------------------------------

--
-- Table structure for table `strength_training_category`
--

CREATE TABLE `strength_training_category` (
  `id` int(11) NOT NULL,
  `name` varchar(60) COLLATE utf8_unicode_ci NOT NULL
) ENGINE=InnoDB DEFAULT CHARSET=utf8 COLLATE=utf8_unicode_ci;

--
-- Dumping data for table `strength_training_category`
--

INSERT INTO `strength_training_category` (`id`, `name`) VALUES
(1, 'fbw'),
(5, 'góra-dół'),
(6, 'kalistenika'),
(3, 'push-pull'),
(4, 'push-pull-legs'),
(2, 'split');

-- --------------------------------------------------------

--
-- Table structure for table `strength_training_exercise`
--

CREATE TABLE `strength_training_exercise` (
  `id` int(11) NOT NULL,
  `training_id` int(11) DEFAULT NULL,
  `name` varchar(255) COLLATE utf8_unicode_ci NOT NULL
) ENGINE=InnoDB DEFAULT CHARSET=utf8 COLLATE=utf8_unicode_ci;

--
-- Dumping data for table `strength_training_exercise`
--

INSERT INTO `strength_training_exercise` (`id`, `training_id`, `name`) VALUES
(46, 1, 'Przysiady 5x5'),
(51, 1, 'Wyciskanie Leżąc 5x5'),
(52, 1, 'Wiosłowanie 5x5'),
(53, 1, 'Wznosy bokiem 3x8'),
(54, 1, 'Biceps+Triceps 3x8'),
(55, 1, 'Allahy 3x8'),
(56, 1, 'Łydki 3x8'),
(57, 2, 'Martwy Ciąg Klasyczny 5x5'),
(58, 2, 'Wyciskanie Żołnierskie 5x5'),
(59, 2, 'Podciąganie Wąsko 5x5'),
(60, 2, 'Wyciskanie Wąsko 3x8'),
(61, 2, 'Biceps 3x8'),
(62, 2, 'Deska x3'),
(63, 2, 'Łydki 3x8'),
(64, 3, 'Wyciskanie hantli na ławce skos w górę 4x10'),
(65, 3, 'Wyciskanie hantli na ławce skos w dół 4x10'),
(66, 3, 'Rozpiętki 4x12'),
(67, 3, 'Krzyżowanie linek wyciągu w bramie 3x15'),
(68, 3, 'Wyciskanie hantelek nad głowę siedząc 3x12'),
(69, 3, 'Wzniosy hantelek na boki stojąc 3x15'),
(70, 3, 'Wzniosy talerza treningowego przed siebie 3x15'),
(71, 3, 'Szrugsy z hantlami 4x25'),
(74, 4, 'Przysiady ze sztangą zza głowy 4x12'),
(75, 4, 'Wypychanie platformy suwnicy 4x15'),
(76, 4, 'Maszyna na dwójki 4x12'),
(77, 4, 'Maszyna na czwórki 4x15'),
(78, 4, 'Wykroki z hantlami 4x20 kroków na stronę'),
(79, 4, 'Prostowanie ramion ze sztangą do czoła leżąc 4x12'),
(80, 4, 'Pompki na poręczach 4x12'),
(81, 4, 'Prostowanie ramion z linką wyciągu górnego 4x15'),
(82, 5, 'Podciąganie na drążku 5x10'),
(83, 5, 'Martwy ciąg na ugiętych nogach ze sztangą 4x12'),
(84, 5, 'Przyciąganie V-drążka do brzucha siedząc 4x12'),
(85, 5, 'Wiosłowanie sztangą podchwytem 3x15'),
(86, 5, 'Uginanie ramion z gryfem łamanym stojąc 4x12'),
(87, 5, 'Uginanie ramion z hantelkami z rotacją nadgarstków 4x12 na ręke'),
(88, 5, 'Uginanie ramion z hantelkami chwytem młotkowym 4x10'),
(89, 5, 'Tradycyjne brzuszki 5x20'),
(90, 5, 'Wzniosy kolan do klatki w zwisie na drążku 5x15'),
(91, 6, 'Przysiady ze sztangą na karku (stopy rozstawione szeroko) 4x10-8-6-4'),
(92, 6, 'Martwe ciągi na lekko ugiętych nogach z hantlami 4x8-10'),
(93, 6, 'Wykroki krótkie chodzone ze sztangą krótką/powerbagiem/workiem bułgarskim na karku 4x8-10 ruchów na nogę'),
(94, 6, 'Wypychanie obciążenia na suwnicy (45 stopni) 4x10'),
(95, 6, '„Ośle wspięcia” 4x12'),
(96, 6, 'Przyciąganie ud do brzucha w zwisie na drążku stałym 4x12'),
(97, 6, '„Scyzoryki” 4x12'),
(98, 6, 'Skłony tułowia leżąc na piłce gimnastycznej 4x12'),
(102, 3, 'Allachy 5x10'),
(103, 3, 'Wzniosy kolan do klatki w zwisie na drążku 5x15'),
(104, 7, 'Wyciskanie sztangi leżąc na ławce poziomej 4 x10-4'),
(105, 7, 'Wyciskanie hantli leżąc na ławce dodatniej 4x10-6'),
(106, 7, 'Przenoszenie hantla zza głowę leżąc na ławce poziomej 4x12'),
(107, 7, 'Rozpiętki z hantlami leżąc na ławce dodatniej 4x12-10'),
(108, 7, 'Uginanie przedramion z hantlami leżąc przodem na ławce dodatniej 4x10-6'),
(109, 7, 'Uginanie przedramion chwytem młotkowym z hantlami stojąc 4x12-8'),
(110, 7, 'Uginanie przedramienia z hantlem przy użyciu „modlitewnika” 4x8'),
(111, 8, 'Podciąganie na drążku stałym nachwytem z dociążeniem 4x10-6'),
(112, 8, 'Wiosłowanie hantlem w podporze przodem – z rotacją nadgarstka w  końcowej fazie koncentrycznej do nawrócenia 4x10-6 ruchów na rękę'),
(113, 8, 'Przyciąganie drążka prostego wyciągu górnego trzymanego nachwytem do karku. Szeroki chwyt 4x10'),
(114, 8, 'Martwy ciąg w wersji „SUMO” 4x8-4'),
(115, 8, 'Przyciąganie ud do brzucha w zwisie na drążku stałym 4x12'),
(116, 8, '„Scyzoryki” 4x12'),
(117, 8, 'Skłony tułowia leżąc na piłce gimnastycznej 4x12'),
(118, 9, 'Wyciskanie hantli stojąc – jednocześnie 4x10-8'),
(119, 9, 'Wznosy ramion na bok z hantlami siedząc 4x10'),
(120, 9, 'Przyciąganie sztangi do klatki piersiowej – chwyt, szerszy niż rozstaw barków 4x8'),
(121, 9, 'Dipsy z dociążeniem 4x10-8'),
(122, 9, 'Wyciskanie francuskie krzywą 4x10-6'),
(123, 9, 'Prostowanie przedramienia z drążkiem prostym wyciągu górnego – trzymany podchwyt 4x20'),
(124, 10, 'Przysiady ze sztangą trzymaną z przodu 4x8'),
(125, 10, 'Wykroki chodzone 4x10'),
(126, 10, 'Wyciskanie hantli na ławce dodatniej 4x10'),
(127, 10, 'Rozpiętki hantlami na ławce dodatniej 4x12'),
(128, 10, 'Arnoldki 4x12'),
(129, 10, 'Wznosy hantli bokiem w górę 4x15'),
(130, 10, 'Pompki na poręczach o tułowiu wyprostowanym 3x10'),
(131, 10, 'Francuskie wyprosty przedramion z hantlem trzymanym oburącz siedząc 3x7'),
(132, 10, 'Ośle wspięcia 4x20'),
(133, 11, 'Podciąganie na drążku do klatki piersiowej 4x maksymalna liczba powtórzeń'),
(134, 11, 'Wiosłowanie sztangą trzymaną podchwytem 4x10'),
(135, 11, 'Martwy ciąg 4x8'),
(136, 11, 'Przysiady bułgarskie 4x12'),
(137, 11, 'Nakrywka jednonóż 4x10'),
(138, 11, 'Ugięcia przedramion z hantlami na ławce dodatniej o łokciach cofniętych 3x12'),
(139, 11, 'Ugięcia przedramion ze sztangą stojąc 3x8'),
(140, 11, 'Odwrotne rozpiętki na maszynie 4x15'),
(141, 11, 'Wznosy nóg leżąc na ławce poziomej 4x20'),
(142, 12, 'Przysiady ze sztangą trzymaną z tyłu 4x8'),
(143, 12, 'Wyprosty nóg na maszynie 4x12'),
(144, 12, 'Wyciskanie sztangi na ławce poziomej 4x6'),
(145, 12, 'Wyciskanie hantli na ławce ujemnej 4x8'),
(146, 12, 'Wyciskanie sztangi w górę na maszynie Smitha siedząc 4x12'),
(147, 12, 'Wznosy hantli przodem w górę 4x15'),
(148, 12, 'Wyciskanie sztangi wąskim chwytem na ławce poziomej 3x6'),
(149, 12, 'Wyprosty przedramion z hantlami leżąc na ławce poziomej  3x10'),
(150, 12, 'Wspięcia na palce na maszynie o nogach ugiętych 4x30'),
(151, 13, 'Podciąganie na drążku do karku 4x maksymalna liczba powtórzeń'),
(152, 13, 'Przyciąganie drążka wyciągu dolnego do brzucha siedząc 4x12'),
(153, 13, 'Przyciąganie drążka wyciągu dolnego do brzucha siedząc 4x12'),
(154, 13, 'Wyprosty tułowia na ławce rzymskiej z użyciem gumy oporowej 4x12'),
(155, 13, 'Nakrywka 4x10'),
(156, 13, 'Martwy ciąg o nogach prostych 4x6'),
(157, 13, 'Ugięcia przedramion ze sztangą na maszynie Smitha 3x12'),
(158, 13, 'Ugięcia przedramion z drążkiem wyciągu dolnego stojąc 3x10'),
(159, 13, 'Odwrotne rozpiętki hantlami w opadzie tułowia 4x15'),
(160, 13, 'Spięcia brzucha na ławce ujemnej przy użyciu gumy oporowej 4x20'),
(161, 14, 'Wyciskanie sztangi na ławeczce, skos dodatni 4x6–8'),
(162, 14, 'Wyciskanie sztangielek na ławeczce poziomej 4x10–12'),
(163, 14, 'Rozpiętki na ławeczce, skos dodatni 4x8–12'),
(164, 14, 'Wyciskanie żołnierskie sztangi stojąc 4x8–12'),
(165, 14, 'Wznosy sztangielek na boki 3x10–15'),
(166, 14, 'Wyciskanie francuskie sztangi leżąc na ławeczce poziomej 4x8–10'),
(167, 14, 'Prostowanie ramion z liną na wyciągu 4x10–12'),
(168, 14, 'Spięcia brzucha z nogami na piłce gimnastycznej 4x MAX powtórzeń'),
(169, 14, 'Izometryczny skurcz brzucha w podporze – deska 3x MAX sekund'),
(170, 15, 'Podciąganie na drążku z obciążeniem 4x5'),
(171, 15, 'Wiosłowanie sztangielką w podporze 4x8–10'),
(172, 15, 'Ściąganie uchwytu wyciągu dolnego do brzucha siedząc 3x10–12'),
(173, 15, 'Ściąganie drążka wyciągu górnego do karku 3x10–12'),
(174, 15, 'Uginanie ramion ze sztangą na modlitewniku 3x8–12'),
(175, 15, 'Uginanie ramion ze sztangielkami z supinacją nadgarstka 3x8–12'),
(176, 15, 'Face Pulls 5x10–12'),
(177, 16, 'Prostowanie podudzi na maszynie siedząc 4x10–15'),
(178, 16, 'Przysiady ze sztangą na plecach 4x6–8'),
(179, 16, 'Wykroki ze sztangielkami 4x10–12'),
(180, 16, 'Martwy ciąg na prostych nogach 5x10–12'),
(181, 16, 'Spięcia na palcach na suwnicy Smitha 4x10–15'),
(182, 16, 'Spięcia na palcach na maszynie siedząc 3x10–15'),
(183, 17, 'Wyciskanie sztangi leżąc (ławka pozioma) 4x8-12'),
(184, 17, 'Wyciskanie sztangielek głową w górę (ławka skos 30°) 4x8-12'),
(185, 17, 'Rozpiętki sztangielkami leżąc (ławka pozioma) 4x10-12'),
(186, 17, 'Pompki na poręczach 3x10-12'),
(187, 17, 'Wyciskanie sztangi sprzed głowy siedząc 3x8-12'),
(188, 17, 'Unoszenie hantli bokiem w górę 3x10-12'),
(189, 17, 'Wyciskanie „francuskie” sztangi leżąc 4x10-12'),
(190, 17, 'Wyciskanie „francuskie” hantla siedząc (jednorącz) 3x10-12'),
(191, 17, 'Prostowanie ramion na wyciągu stojąc 4x10-12'),
(192, 18, 'Podciąganie na drążku 4x10-12'),
(193, 18, 'Podciąganie sztangi w opadzie tułowia  (wiosłowanie) 4x8-12'),
(194, 18, 'Przyciąganie hantla (jednorącz) w opadzie tułowia, w podporze o kolano 4x10-12'),
(195, 18, 'Przyciąganie linki wyciągu dolnego, siedząc, wąski – neutralny uchwyt 3x10-15'),
(196, 18, 'Odwrotne rozpiętki na maszynie 4x10-15'),
(197, 18, 'Uginanie ramion ze sztangą prostą, stojąc 3x10-12'),
(198, 18, 'Uginanie ramion ze sztangą łamaną, wykorzystując modlitewnik 3x10-12'),
(199, 18, 'Uginanie ramion ze sztangielkami, naprzemiennie, stojąc 3x10-12'),
(200, 18, 'Uginanie nadgarstków podchwytem, siedząc 2x12 – 15'),
(201, 18, 'Uginanie nadgarstków nachwytem, siedząc 2x12 – 15'),
(202, 18, 'Wznosy ramion z hantlami 4x10 – 12'),
(203, 19, 'Przysiady ze sztangą na karku 4x8-10'),
(204, 19, 'Wypychanie ciężaru na suwnicy (maszynie)  leżąc 45° 5x10-12'),
(205, 19, 'Prostowanie nóg na maszynie siedząc 4x10-15'),
(206, 19, 'Martwy ciąg na prostych nogach 4x6-10'),
(207, 19, 'Zginanie nóg leżąc na brzuchu (na maszynie) 4x10-15'),
(208, 19, 'Wspięcia na palcach stojąc (maszyna „Smitha”) 4x10-12'),
(209, 19, 'Wspięcia na palcach siedząc (wykorzystując maszynę) 3x10-15'),
(210, 20, 'Podciąganie się na drążku, podchwytem na szerokość barków'),
(211, 20, 'Wyciskanie sztangi leżąc na ławce poziomej 4x8-12'),
(212, 20, 'Wiosłowanie hantlem w opadzie tułowia 4x8-12'),
(213, 20, 'Wyciskanie hantli leżąc na ławce skośnej, skos dodatni 4x8-12'),
(214, 20, 'Wyciskanie hantli stojąc 4x8-12'),
(215, 20, 'Prostowanie przedramienia z linką wyciągu górnego 4x8-12'),
(216, 20, 'Uginanie przedramienia z linką wyciągu dolnego, stojąc tyłem do wyciągu 4x8-12'),
(217, 21, 'Przysiad ze sztangą na plecach 4x8-12'),
(218, 21, 'Martwy ciąg klasyczny 4x8-12'),
(219, 21, 'Przysiad bułgarski z hantlami 4x8-12 na nogę'),
(220, 21, 'Unoszenie bioder ze sztangą w oparciu o ławkę 4x8-12'),
(221, 21, 'Podpór przodem na łokciach (,,deska“) x do upadku technicznego'),
(222, 21, 'Wspięcia na palce stojąc jednonóż 4x8-12'),
(223, 22, 'Pompki na poręczach 4x8-12'),
(224, 22, 'Podciąganie się na drążku, nachwytem nieco szerzej niż szerokość barków 4x8-12'),
(225, 22, 'Wyciskanie sztangi stojąc (żołnierskie) 4x8-12'),
(226, 22, 'Wyciskanie hantli leżąc na ławce poziomej 4x8-12'),
(227, 22, 'Przyciąganie linki wyciągu górnego do twarzy 4x12-15'),
(228, 22, 'Wyciskanie francuskie hantli leżąc na ławce poziomej 4x8-12'),
(229, 22, 'Uginanie przedramion z hantlami z supinacją 4x8-12'),
(230, 23, 'Przysiad ze sztangą trzymaną z przodu 4x8-12'),
(231, 23, 'Martwy ciąg na prostych nogach 4x8-12'),
(232, 23, 'Zakroki z hantlami 4x8-12'),
(233, 23, 'Uginanie podudzia w oparciu na piłce stabilizacyjnej 4x8-12 na nogę'),
(234, 23, '“Spacer farmera” z hantlem trzymanym jednorącz x 30-60 sekund'),
(235, 23, 'Wspięcia na palce siedząc, obunóż 4x8-12'),
(236, 24, 'Pompki 3x10'),
(237, 24, 'Przysiady 3x12'),
(238, 24, 'Unoszenie nóg 3x8'),
(239, 24, 'Mostek 3x10'),
(240, 25, 'Pompki 4x15'),
(241, 25, 'Pompki na poręczach (dipsy) 3x10'),
(242, 25, 'Podciąganie na drążku (nachwytem) 2x10'),
(243, 25, 'Podciąganie na drążku (podchwytem) 2x10'),
(244, 25, 'Przysiady 4x16'),
(245, 25, 'Unoszenie nóg 4x10'),
(246, 25, 'Mostek 4x10'),
(247, 26, 'Pompki 4x20'),
(248, 26, 'Pompki na poręczach (dipsy) 4x12'),
(249, 26, 'Podciąganie na drążku (nachwytem) 3x10'),
(250, 26, 'Podciąganie na drążku (podchwytem) 3x10'),
(251, 26, 'Przysiady 4x20'),
(252, 26, 'Unoszenie nóg 4x12'),
(253, 26, 'Mostek 4x10'),
(254, 26, 'Muscle Up 3x5');

-- --------------------------------------------------------

--
-- Table structure for table `subcategory`
--

CREATE TABLE `subcategory` (
  `id` int(11) NOT NULL,
  `name` varchar(55) COLLATE utf8_unicode_ci NOT NULL,
  `category_id` int(11) DEFAULT NULL
) ENGINE=InnoDB DEFAULT CHARSET=utf8 COLLATE=utf8_unicode_ci;

--
-- Dumping data for table `subcategory`
--

INSERT INTO `subcategory` (`id`, `name`, `category_id`) VALUES
(1, 'Mleka', 1),
(2, 'Smietany', 1),
(3, 'Jogurty', 1),
(4, 'Napoje mleczne', 1),
(5, 'Sery tluste', 1),
(6, 'Twarogi', 1),
(7, 'Inne sery', 1),
(8, 'Jaja', 1),
(9, 'Inny nabial', 1),
(10, 'Baranina', 2),
(11, 'Cielecina', 2),
(12, 'Konina', 2),
(13, 'Wieprzowina', 2),
(14, 'Wolowina', 2),
(15, 'Podroby', 2),
(16, 'Kurczak', 2),
(17, 'Innny drob', 2),
(18, 'Wedliny i salami', 2),
(19, 'Kielbasy i kabanosy', 2),
(20, 'Parowki i mielonki', 2),
(21, 'Poledwice', 2),
(22, 'Szynki', 2),
(23, 'Kiszki', 2),
(24, 'Kaszanki', 2),
(25, 'Salceson', 2),
(26, 'Pasztety', 2),
(27, 'Pieczenie', 2),
(28, 'Dorsz', 3),
(29, 'Fladra', 3),
(30, 'Halibut', 3),
(31, 'Karp', 3),
(32, 'Losos', 3),
(33, 'Makrela', 3),
(34, 'Mintaj', 3),
(35, 'Morszczuk', 3),
(36, 'Okon', 3),
(37, 'Pstrag', 3),
(38, 'Sandacz', 3),
(39, 'Sardynka', 3),
(40, 'Sola', 3),
(41, 'Szczupak', 3),
(42, 'Sledz', 3),
(43, 'Tunczyk', 3),
(44, 'Wegorz', 3),
(45, 'Pasztety i pasty', 3),
(46, 'Oleje', 4),
(47, 'Oliwy', 4),
(48, 'Margaryny', 4),
(49, 'Masło', 4),
(50, 'Inne tluszcze', 4),
(51, 'Maka pszenna', 5),
(52, 'Maka zytnia', 5),
(53, 'Ziarna', 5),
(54, 'Kasze', 5),
(55, 'Ryż', 5),
(56, 'Makarony', 5),
(57, 'Chleby zytnie', 5),
(58, 'Chleby rozne', 5),
(59, 'Bulki', 5),
(60, 'Inne pieczywo', 5),
(61, 'Platki', 5),
(62, 'Inne zboża', 5),
(63, 'Baklazan', 6),
(64, 'Bocwina', 6),
(65, 'Bob', 6),
(66, 'Brokuły', 6),
(67, 'Brukselka', 6),
(68, 'Burak', 6),
(69, 'Cebula', 6),
(70, 'Chrzan', 6),
(71, 'Cukinia', 6),
(72, 'Cykoria', 6),
(73, 'Czosnek', 6),
(74, 'Dynia', 6),
(75, 'Fasola, fasolka', 6),
(76, 'Groch, groszek', 6),
(77, 'Jarmuz', 6),
(78, 'Kalafior', 6),
(79, 'Kalarepa', 6),
(80, 'Kapusta', 6),
(81, 'Koper', 6),
(82, 'Kukurydza', 6),
(83, 'Marchew', 6),
(84, 'Ogorek', 6),
(85, 'Papryka', 6),
(86, 'Pasterniak', 6),
(87, 'Pietruszka', 6),
(88, 'Pomidor', 6),
(89, 'Por', 6),
(90, 'Rabarbar', 6),
(91, 'Rzepa', 6),
(92, 'Rzodkiewka', 6),
(93, 'Salata', 6),
(94, 'Seler', 6),
(95, 'Soczewica', 6),
(96, 'Soja', 6),
(97, 'Szczaw', 6),
(98, 'Szczypiorek', 6),
(99, 'Szparagi', 6),
(100, 'Szpinak', 6),
(101, 'Ziemniaki', 6),
(102, 'Koncentraty', 6),
(103, 'Zupy mrozone', 6),
(104, 'Inne mrozonki', 6),
(105, 'Agrest', 7),
(106, 'Ananas', 7),
(107, 'Arbuz', 7),
(108, 'Awokado', 7),
(109, 'Banan', 7),
(110, 'Brzoskwinia', 7),
(111, 'Cytryna', 7),
(112, 'Jagody', 7),
(113, 'Czeresnie', 7),
(114, 'Grejpfrut', 7),
(115, 'Gruszka', 7),
(116, 'Gujawa', 7),
(117, 'Jabłko', 7),
(118, 'Kiwi', 7),
(119, 'Maliny', 7),
(120, 'Mandarynki', 7),
(121, 'Mango', 7),
(122, 'Melon', 7),
(123, 'Morele', 7),
(124, 'Nektarynki', 7),
(125, 'Papaja', 7),
(126, 'Pomarancze', 7),
(127, 'Porzeczki', 7),
(128, 'Poziomki', 7),
(129, 'Sliwki', 7),
(130, 'Truskawki', 7),
(131, 'Winogrona', 7),
(132, 'Wisnie', 7),
(133, 'Daktyle', 7),
(134, 'Rodzynki', 7),
(135, 'Dzemy', 7),
(136, 'Orzechy', 7),
(137, 'Nasiona', 7),
(138, 'Inne owoce', 7),
(139, 'Cukry', 8),
(140, 'Miod', 8),
(141, 'Cukierki', 8),
(142, 'Batony', 8),
(143, 'Czekolady', 8),
(144, 'Ciastka', 8),
(145, 'Herbatniki', 8),
(146, 'Pierniki', 8),
(147, 'Wafle', 8),
(148, 'Ciasta', 8),
(149, 'Serniki', 8),
(150, 'Lody', 8),
(151, 'Chipsy i paluszki', 8),
(152, 'Inne slodycze', 8),
(153, 'Herbata', 9),
(154, 'Kawa', 9),
(155, 'Soki', 9),
(156, 'Gazowane', 9),
(157, 'Piwo', 9),
(158, 'Wino', 9),
(159, 'Wodka', 9),
(160, 'Inne napoje', 9),
(161, 'Przyprawy', 10),
(162, 'Majonezy', 10),
(163, 'Musztarda', 10),
(164, 'Barszcz', 11),
(165, 'Kapusniak', 11),
(166, 'Krupnik', 11),
(167, 'Pomidorowa', 11),
(168, 'Inne zupy', 11),
(169, 'Na mleku', 11),
(170, 'Dorsz', 12),
(171, 'Karp', 12),
(172, 'Losos', 12),
(173, 'Cielecina', 12),
(174, 'Drob', 12),
(175, 'Wieprzowina', 12),
(176, 'Wolowina', 12),
(177, 'Mieso mieszane', 12),
(178, 'Fasola', 12),
(179, 'Salatki', 12),
(180, 'Surowki', 12),
(181, 'Marchewka', 12),
(182, 'Ziemniak', 12),
(183, 'Kasza', 12),
(184, 'Kluski, knedle i kopytka', 12),
(185, 'Pierogi i pyzy', 12),
(186, 'Makaron', 12),
(187, 'Ryz', 12),
(188, 'Nalesniki', 12),
(189, 'Jaja', 12),
(190, 'Inne dania', 12),
(191, 'Inne miesa', 2),
(192, 'Inne ryby', 3),
(193, 'Inne warzywa', 6),
(194, 'Desery', 8),
(195, 'Sosy', 10),
(196, 'Fast food', 12),
(197, 'Pieczarki', 6),
(198, 'Inne alkohole', 9),
(199, 'Warzywne', 12);

-- --------------------------------------------------------

--
-- Table structure for table `user_cardio`
--

CREATE TABLE `user_cardio` (
  `id` int(11) NOT NULL,
  `burnedCalories` int(11) NOT NULL,
  `time` int(11) NOT NULL,
  `date` datetime NOT NULL,
  `userId` int(11) DEFAULT NULL,
  `trainingId` int(11) DEFAULT NULL
) ENGINE=InnoDB DEFAULT CHARSET=utf8 COLLATE=utf8_unicode_ci;

-- --------------------------------------------------------

--
-- Table structure for table `user_cardio_training`
--

CREATE TABLE `user_cardio_training` (
  `id` int(11) NOT NULL,
  `burnedCalories` int(11) NOT NULL,
  `time` int(11) NOT NULL,
  `date` datetime NOT NULL,
  `userId` int(11) DEFAULT NULL,
  `traingId` int(11) DEFAULT NULL
) ENGINE=InnoDB DEFAULT CHARSET=utf8 COLLATE=utf8_unicode_ci;

-- --------------------------------------------------------

--
-- Table structure for table `user_data`
--

CREATE TABLE `user_data` (
  `id` int(11) NOT NULL,
  `age` date NOT NULL,
  `weight` double NOT NULL,
  `height` int(11) NOT NULL,
  `calories` int(11) NOT NULL,
  `userId` int(11) DEFAULT NULL,
  `gender` varchar(9) COLLATE utf8_unicode_ci NOT NULL,
  `date` datetime NOT NULL
) ENGINE=InnoDB DEFAULT CHARSET=utf8 COLLATE=utf8_unicode_ci;

-- --------------------------------------------------------

--
-- Table structure for table `user_food`
--

CREATE TABLE `user_food` (
  `id` int(11) NOT NULL,
  `quantity` decimal(6,1) NOT NULL,
  `meal` varchar(55) COLLATE utf8_unicode_ci NOT NULL,
  `date` date NOT NULL,
  `$productId` int(11) DEFAULT NULL,
  `$userId` int(11) DEFAULT NULL,
  `calories` int(11) NOT NULL,
  `fat` decimal(4,1) DEFAULT NULL,
  `protein` decimal(3,1) DEFAULT NULL,
  `carbohydrates` decimal(3,1) DEFAULT NULL,
  `$myProductId` int(11) DEFAULT NULL
) ENGINE=InnoDB DEFAULT CHARSET=utf8 COLLATE=utf8_unicode_ci;

-- --------------------------------------------------------

--
-- Table structure for table `user_strength_exercise_collection`
--

CREATE TABLE `user_strength_exercise_collection` (
  `id` int(11) NOT NULL,
  `exerciseId` int(11) DEFAULT NULL,
  `trainingCollectionId` int(11) DEFAULT NULL,
  `myExerciseId` int(11) DEFAULT NULL
) ENGINE=InnoDB DEFAULT CHARSET=utf8 COLLATE=utf8_unicode_ci;

-- --------------------------------------------------------

--
-- Table structure for table `user_strength_training`
--

CREATE TABLE `user_strength_training` (
  `id` int(11) NOT NULL,
  `series` int(11) DEFAULT NULL,
  `reps` int(11) DEFAULT NULL,
  `kgLoad` double DEFAULT NULL,
  `collectionId` int(11) DEFAULT NULL
) ENGINE=InnoDB DEFAULT CHARSET=utf8 COLLATE=utf8_unicode_ci;

-- --------------------------------------------------------

--
-- Table structure for table `user_strength_training_collection`
--

CREATE TABLE `user_strength_training_collection` (
  `id` int(11) NOT NULL,
  `date` datetime NOT NULL,
  `userId` int(11) DEFAULT NULL,
  `trainingId` int(11) DEFAULT NULL,
  `myTrainingId` int(11) DEFAULT NULL
) ENGINE=InnoDB DEFAULT CHARSET=utf8 COLLATE=utf8_unicode_ci;

--
-- Indexes for dumped tables
--

--
-- Indexes for table `cardio_category`
--
ALTER TABLE `cardio_category`
  ADD PRIMARY KEY (`id`),
  ADD UNIQUE KEY `UNIQ_A14E63D55E237E06` (`name`);

--
-- Indexes for table `cardio_training`
--
ALTER TABLE `cardio_training`
  ADD PRIMARY KEY (`id`),
  ADD KEY `IDX_7210F09B12469DE2` (`category_id`);

--
-- Indexes for table `category`
--
ALTER TABLE `category`
  ADD PRIMARY KEY (`id`);

--
-- Indexes for table `entity_user`
--
ALTER TABLE `entity_user`
  ADD PRIMARY KEY (`id`),
  ADD UNIQUE KEY `UNIQ_C55F6F62F85E0677` (`username`),
  ADD UNIQUE KEY `UNIQ_C55F6F62E7927C74` (`email`);

--
-- Indexes for table `food`
--
ALTER TABLE `food`
  ADD PRIMARY KEY (`id`),
  ADD KEY `IDX_D43829F712469DE2` (`category_id`),
  ADD KEY `IDX_D43829F75DC6FE57` (`subcategory_id`);

--
-- Indexes for table `my_food`
--
ALTER TABLE `my_food`
  ADD PRIMARY KEY (`id`),
  ADD KEY `IDX_141F00A373EA2E9E` (`$userId`);

--
-- Indexes for table `my_strength_training`
--
ALTER TABLE `my_strength_training`
  ADD PRIMARY KEY (`id`),
  ADD KEY `IDX_F14ED40B73EA2E9E` (`$userId`);

--
-- Indexes for table `my_strength_training_exersie`
--
ALTER TABLE `my_strength_training_exersie`
  ADD PRIMARY KEY (`id`),
  ADD KEY `IDX_DA8FF806BEFD98D1` (`training_id`);

--
-- Indexes for table `profile_image`
--
ALTER TABLE `profile_image`
  ADD PRIMARY KEY (`id`),
  ADD UNIQUE KEY `UNIQ_32E99B8D64B64DCC` (`userId`);

--
-- Indexes for table `strength_training`
--
ALTER TABLE `strength_training`
  ADD PRIMARY KEY (`id`),
  ADD KEY `IDX_6AFDFC7012469DE2` (`category_id`);

--
-- Indexes for table `strength_training_category`
--
ALTER TABLE `strength_training_category`
  ADD PRIMARY KEY (`id`),
  ADD UNIQUE KEY `UNIQ_DC2DE9545E237E06` (`name`);

--
-- Indexes for table `strength_training_exercise`
--
ALTER TABLE `strength_training_exercise`
  ADD PRIMARY KEY (`id`),
  ADD KEY `IDX_74BB2589BEFD98D1` (`training_id`);

--
-- Indexes for table `subcategory`
--
ALTER TABLE `subcategory`
  ADD PRIMARY KEY (`id`),
  ADD KEY `IDX_DDCA44812469DE2` (`category_id`);

--
-- Indexes for table `user_cardio`
--
ALTER TABLE `user_cardio`
  ADD PRIMARY KEY (`id`),
  ADD KEY `IDX_19783E5B64B64DCC` (`userId`),
  ADD KEY `IDX_19783E5B9BCB785A` (`trainingId`);

--
-- Indexes for table `user_cardio_training`
--
ALTER TABLE `user_cardio_training`
  ADD PRIMARY KEY (`id`),
  ADD KEY `IDX_60CC9C1464B64DCC` (`userId`),
  ADD KEY `IDX_60CC9C149C40445A` (`traingId`);

--
-- Indexes for table `user_data`
--
ALTER TABLE `user_data`
  ADD PRIMARY KEY (`id`),
  ADD KEY `IDX_D772BFAA64B64DCC` (`userId`);

--
-- Indexes for table `user_food`
--
ALTER TABLE `user_food`
  ADD PRIMARY KEY (`id`),
  ADD KEY `IDX_AEB9653E754C4977` (`$productId`),
  ADD KEY `IDX_AEB9653E73EA2E9E` (`$userId`),
  ADD KEY `IDX_AEB9653EA37F538D` (`$myProductId`);

--
-- Indexes for table `user_strength_exercise_collection`
--
ALTER TABLE `user_strength_exercise_collection`
  ADD PRIMARY KEY (`id`),
  ADD KEY `IDX_3B55AF143A73962E` (`exerciseId`),
  ADD KEY `IDX_3B55AF1418F26DC8` (`trainingCollectionId`),
  ADD KEY `IDX_3B55AF14DEE33A77` (`myExerciseId`);

--
-- Indexes for table `user_strength_training`
--
ALTER TABLE `user_strength_training`
  ADD PRIMARY KEY (`id`),
  ADD KEY `IDX_92E2475BFA157E19` (`collectionId`);

--
-- Indexes for table `user_strength_training_collection`
--
ALTER TABLE `user_strength_training_collection`
  ADD PRIMARY KEY (`id`),
  ADD KEY `IDX_C19AC91264B64DCC` (`userId`),
  ADD KEY `IDX_C19AC9129BCB785A` (`trainingId`),
  ADD KEY `IDX_C19AC9127F5BD403` (`myTrainingId`);

--
-- AUTO_INCREMENT for dumped tables
--

--
-- AUTO_INCREMENT for table `cardio_category`
--
ALTER TABLE `cardio_category`
  MODIFY `id` int(11) NOT NULL AUTO_INCREMENT, AUTO_INCREMENT=9;

--
-- AUTO_INCREMENT for table `cardio_training`
--
ALTER TABLE `cardio_training`
  MODIFY `id` int(11) NOT NULL AUTO_INCREMENT, AUTO_INCREMENT=42;

--
-- AUTO_INCREMENT for table `category`
--
ALTER TABLE `category`
  MODIFY `id` int(11) NOT NULL AUTO_INCREMENT, AUTO_INCREMENT=13;

--
-- AUTO_INCREMENT for table `entity_user`
--
ALTER TABLE `entity_user`
  MODIFY `id` int(11) NOT NULL AUTO_INCREMENT, AUTO_INCREMENT=54;

--
-- AUTO_INCREMENT for table `food`
--
ALTER TABLE `food`
  MODIFY `id` int(11) NOT NULL AUTO_INCREMENT, AUTO_INCREMENT=832;

--
-- AUTO_INCREMENT for table `my_food`
--
ALTER TABLE `my_food`
  MODIFY `id` int(11) NOT NULL AUTO_INCREMENT, AUTO_INCREMENT=21;

--
-- AUTO_INCREMENT for table `my_strength_training`
--
ALTER TABLE `my_strength_training`
  MODIFY `id` int(11) NOT NULL AUTO_INCREMENT, AUTO_INCREMENT=21;

--
-- AUTO_INCREMENT for table `my_strength_training_exersie`
--
ALTER TABLE `my_strength_training_exersie`
  MODIFY `id` int(11) NOT NULL AUTO_INCREMENT, AUTO_INCREMENT=24;

--
-- AUTO_INCREMENT for table `profile_image`
--
ALTER TABLE `profile_image`
  MODIFY `id` int(11) NOT NULL AUTO_INCREMENT, AUTO_INCREMENT=5;

--
-- AUTO_INCREMENT for table `strength_training`
--
ALTER TABLE `strength_training`
  MODIFY `id` int(11) NOT NULL AUTO_INCREMENT, AUTO_INCREMENT=27;

--
-- AUTO_INCREMENT for table `strength_training_category`
--
ALTER TABLE `strength_training_category`
  MODIFY `id` int(11) NOT NULL AUTO_INCREMENT, AUTO_INCREMENT=7;

--
-- AUTO_INCREMENT for table `strength_training_exercise`
--
ALTER TABLE `strength_training_exercise`
  MODIFY `id` int(11) NOT NULL AUTO_INCREMENT, AUTO_INCREMENT=255;

--
-- AUTO_INCREMENT for table `subcategory`
--
ALTER TABLE `subcategory`
  MODIFY `id` int(11) NOT NULL AUTO_INCREMENT, AUTO_INCREMENT=200;

--
-- AUTO_INCREMENT for table `user_cardio`
--
ALTER TABLE `user_cardio`
  MODIFY `id` int(11) NOT NULL AUTO_INCREMENT, AUTO_INCREMENT=35;

--
-- AUTO_INCREMENT for table `user_cardio_training`
--
ALTER TABLE `user_cardio_training`
  MODIFY `id` int(11) NOT NULL AUTO_INCREMENT;

--
-- AUTO_INCREMENT for table `user_data`
--
ALTER TABLE `user_data`
  MODIFY `id` int(11) NOT NULL AUTO_INCREMENT, AUTO_INCREMENT=54;

--
-- AUTO_INCREMENT for table `user_food`
--
ALTER TABLE `user_food`
  MODIFY `id` int(11) NOT NULL AUTO_INCREMENT, AUTO_INCREMENT=323;

--
-- AUTO_INCREMENT for table `user_strength_exercise_collection`
--
ALTER TABLE `user_strength_exercise_collection`
  MODIFY `id` int(11) NOT NULL AUTO_INCREMENT, AUTO_INCREMENT=209;

--
-- AUTO_INCREMENT for table `user_strength_training`
--
ALTER TABLE `user_strength_training`
  MODIFY `id` int(11) NOT NULL AUTO_INCREMENT, AUTO_INCREMENT=366;

--
-- AUTO_INCREMENT for table `user_strength_training_collection`
--
ALTER TABLE `user_strength_training_collection`
  MODIFY `id` int(11) NOT NULL AUTO_INCREMENT, AUTO_INCREMENT=75;

--
-- Constraints for dumped tables
--

--
-- Constraints for table `cardio_training`
--
ALTER TABLE `cardio_training`
  ADD CONSTRAINT `FK_7210F09B12469DE2` FOREIGN KEY (`category_id`) REFERENCES `cardio_category` (`id`);

--
-- Constraints for table `food`
--
ALTER TABLE `food`
  ADD CONSTRAINT `FK_D43829F712469DE2` FOREIGN KEY (`category_id`) REFERENCES `category` (`id`),
  ADD CONSTRAINT `FK_D43829F75DC6FE57` FOREIGN KEY (`subcategory_id`) REFERENCES `subcategory` (`id`);

--
-- Constraints for table `my_food`
--
ALTER TABLE `my_food`
  ADD CONSTRAINT `FK_141F00A373EA2E9E` FOREIGN KEY (`$userId`) REFERENCES `entity_user` (`id`);

--
-- Constraints for table `my_strength_training`
--
ALTER TABLE `my_strength_training`
  ADD CONSTRAINT `FK_F14ED40B73EA2E9E` FOREIGN KEY (`$userId`) REFERENCES `entity_user` (`id`);

--
-- Constraints for table `my_strength_training_exersie`
--
ALTER TABLE `my_strength_training_exersie`
  ADD CONSTRAINT `FK_DA8FF806BEFD98D1` FOREIGN KEY (`training_id`) REFERENCES `my_strength_training` (`id`);

--
-- Constraints for table `profile_image`
--
ALTER TABLE `profile_image`
  ADD CONSTRAINT `FK_32E99B8D64B64DCC` FOREIGN KEY (`userId`) REFERENCES `entity_user` (`id`);

--
-- Constraints for table `strength_training`
--
ALTER TABLE `strength_training`
  ADD CONSTRAINT `FK_6AFDFC7012469DE2` FOREIGN KEY (`category_id`) REFERENCES `strength_training_category` (`id`);

--
-- Constraints for table `strength_training_exercise`
--
ALTER TABLE `strength_training_exercise`
  ADD CONSTRAINT `FK_74BB2589BEFD98D1` FOREIGN KEY (`training_id`) REFERENCES `strength_training` (`id`);

--
-- Constraints for table `subcategory`
--
ALTER TABLE `subcategory`
  ADD CONSTRAINT `FK_DDCA44812469DE2` FOREIGN KEY (`category_id`) REFERENCES `category` (`id`);

--
-- Constraints for table `user_cardio`
--
ALTER TABLE `user_cardio`
  ADD CONSTRAINT `FK_19783E5B64B64DCC` FOREIGN KEY (`userId`) REFERENCES `entity_user` (`id`),
  ADD CONSTRAINT `FK_19783E5B9BCB785A` FOREIGN KEY (`trainingId`) REFERENCES `cardio_training` (`id`);

--
-- Constraints for table `user_cardio_training`
--
ALTER TABLE `user_cardio_training`
  ADD CONSTRAINT `FK_60CC9C1464B64DCC` FOREIGN KEY (`userId`) REFERENCES `entity_user` (`id`),
  ADD CONSTRAINT `FK_60CC9C149C40445A` FOREIGN KEY (`traingId`) REFERENCES `cardio_training` (`id`);

--
-- Constraints for table `user_data`
--
ALTER TABLE `user_data`
  ADD CONSTRAINT `FK_D772BFAA64B64DCC` FOREIGN KEY (`userId`) REFERENCES `entity_user` (`id`);

--
-- Constraints for table `user_food`
--
ALTER TABLE `user_food`
  ADD CONSTRAINT `FK_AEB9653E73EA2E9E` FOREIGN KEY (`$userId`) REFERENCES `entity_user` (`id`),
  ADD CONSTRAINT `FK_AEB9653E754C4977` FOREIGN KEY (`$productId`) REFERENCES `food` (`id`),
  ADD CONSTRAINT `FK_AEB9653EA37F538D` FOREIGN KEY (`$myProductId`) REFERENCES `my_food` (`id`);

--
-- Constraints for table `user_strength_exercise_collection`
--
ALTER TABLE `user_strength_exercise_collection`
  ADD CONSTRAINT `FK_3B55AF1418F26DC8` FOREIGN KEY (`trainingCollectionId`) REFERENCES `user_strength_training_collection` (`id`),
  ADD CONSTRAINT `FK_3B55AF143A73962E` FOREIGN KEY (`exerciseId`) REFERENCES `strength_training_exercise` (`id`),
  ADD CONSTRAINT `FK_3B55AF14DEE33A77` FOREIGN KEY (`myExerciseId`) REFERENCES `my_strength_training_exersie` (`id`);

--
-- Constraints for table `user_strength_training`
--
ALTER TABLE `user_strength_training`
  ADD CONSTRAINT `FK_92E2475BFA157E19` FOREIGN KEY (`collectionId`) REFERENCES `user_strength_exercise_collection` (`id`);

--
-- Constraints for table `user_strength_training_collection`
--
ALTER TABLE `user_strength_training_collection`
  ADD CONSTRAINT `FK_C19AC91264B64DCC` FOREIGN KEY (`userId`) REFERENCES `entity_user` (`id`),
  ADD CONSTRAINT `FK_C19AC9127F5BD403` FOREIGN KEY (`myTrainingId`) REFERENCES `my_strength_training` (`id`),
  ADD CONSTRAINT `FK_C19AC9129BCB785A` FOREIGN KEY (`trainingId`) REFERENCES `strength_training` (`id`);
COMMIT;

/*!40101 SET CHARACTER_SET_CLIENT=@OLD_CHARACTER_SET_CLIENT */;
/*!40101 SET CHARACTER_SET_RESULTS=@OLD_CHARACTER_SET_RESULTS */;
/*!40101 SET COLLATION_CONNECTION=@OLD_COLLATION_CONNECTION */;
